OCC_CODE,OCC_TITLE,TOT_EMP,2018 SOC Code,2010 SOC Code,2010 SOC Title,missing_soc2010
11-1011,Chief Executives,211850,11-1011,11-1011,Chief Executives,False
11-1021,General and Operations Managers,3584420,11-1021,11-1021,General and Operations Managers,False
11-1031,Legislators,26510,11-1031,11-1031,Legislators,False
11-2011,Advertising and Promotions Managers,21100,11-2011,11-2011,Advertising and Promotions Managers,False
11-2021,Marketing Managers,384980,11-2021,11-2021,Marketing Managers,False
11-2022,Sales Managers,603710,11-2022,11-2022,Sales Managers,False
11-2032,Public Relations Managers,76060,11-2032,11-2031,Public Relations and Fundraising Managers (#),False
11-2033,Fundraising Managers,36920,11-2033,11-2031,Public Relations and Fundraising Managers (#),False
11-3012,Administrative Services Managers,254140,11-3012,11-3011,Administrative Services Managers (#),False
11-3013,Facilities Managers,141090,11-3013,11-3011,Administrative Services Managers (#),False
11-3021,Computer and Information Systems Managers,645970,11-3021,11-3021,Computer and Information Systems Managers,False
11-3031,Financial Managers,818620,11-3031,11-3031,Financial Managers,False
11-3051,Industrial Production Managers,234380,11-3051,11-3051,Industrial Production Managers,False
11-3061,Purchasing Managers,81240,11-3061,11-3061,Purchasing Managers,False
11-3071,"Transportation, Storage, and Distribution Managers",213000,11-3071,11-3071,"Transportation, Storage, and Distribution Managers",False
11-3111,Compensation and Benefits Managers,20070,11-3111,11-3111,Compensation and Benefits Managers,False
11-3121,Human Resources Managers,215520,11-3121,11-3121,Human Resources Managers,False
11-3131,Training and Development Managers,44960,11-3131,11-3131,Training and Development Managers,False
11-9013,"Farmers, Ranchers, and Other Agricultural Managers",5910,11-9013,11-9013,"Farmers, Ranchers, and Other Agricultural Managers",False
11-9021,Construction Managers,348330,11-9021,11-9021,Construction Managers,False
11-9031,"Education and Childcare Administrators, Preschool and Daycare",71620,11-9031,11-9031,"Education Administrators, Preschool and Childcare Center/Program",False
11-9032,"Education Administrators, Kindergarten through Secondary",319630,11-9032,11-9032,"Education Administrators, Elementary and Secondary School",False
11-9033,"Education Administrators, Postsecondary",176420,11-9033,11-9033,"Education Administrators, Postsecondary",False
11-9039,"Education Administrators, All Other",53330,11-9039,11-9039,"Education Administrators, All Other",False
11-9041,Architectural and Engineering Managers,210340,11-9041,11-9041,Architectural and Engineering Managers,False
11-9051,Food Service Managers,244230,11-9051,11-9051,Food Service Managers,False
11-9071,Gambling Managers,4620,11-9071,11-9071,Gaming Managers,False
11-9072,"Entertainment and Recreation Managers, Except Gambling",36700,11-9072,11-9199,"Managers, All Other (#)",False
11-9081,Lodging Managers,41350,11-9081,11-9081,Lodging Managers,False
11-9111,Medical and Health Services Managers,565840,11-9111,11-9111,Medical and Health Services Managers,False
11-9121,Natural Sciences Managers,100870,11-9121,11-9121,Natural Sciences Managers,False
11-9131,Postmasters and Mail Superintendents,13810,11-9131,11-9131,Postmasters and Mail Superintendents,False
11-9141,"Property, Real Estate, and Community Association Managers",296640,11-9141,11-9141,"Property, Real Estate, and Community Association Managers",False
11-9151,Social and Community Service Managers,195490,11-9151,11-9151,Social and Community Service Managers,False
11-9161,Emergency Management Directors,12570,11-9161,11-9161,Emergency Management Directors,False
11-9171,Funeral Home Managers,13120,11-9171,11-9061,Funeral Service Managers,False
11-9179,"Personal Service Managers, All Other",10490,11-9179,11-9199,"Managers, All Other (#)",False
11-9199,"Managers, All Other",630980,11-9199,11-9199,"Managers, All Other (#)",False
13-1011,"Agents and Business Managers of Artists, Performers, and Athletes",14220,13-1011,13-1011,"Agents and Business Managers of Artists, Performers, and Athletes",False
13-1020,Buyers and Purchasing Agents,486900,,,,True
13-1031,"Claims Adjusters, Examiners, and Investigators",305020,13-1031,13-1031,"Claims Adjusters, Examiners, and Investigators",False
13-1032,"Insurance Appraisers, Auto Damage",7790,13-1032,13-1032,"Insurance Appraisers, Auto Damage",False
13-1041,Compliance Officers,397770,13-1041,13-1041,Compliance Officers,False
13-1051,Cost Estimators,219530,13-1051,13-1051,Cost Estimators,False
13-1071,Human Resources Specialists,917460,13-1071,13-1071,Human Resources Specialists,False
13-1074,Farm Labor Contractors,410,13-1074,13-1074,Farm Labor Contractors,False
13-1075,Labor Relations Specialists,64590,13-1075,13-1075,Labor Relations Specialists,False
13-1081,Logisticians,235640,13-1081,13-1081,Logisticians,False
13-1082,Project Management Specialists,1006160,13-1082,11-9199;13-1199;15-1199,"Business Operations Specialists, All Other (#); Computer Occupations, All Other (#); Managers, All Other (#)",False
13-1111,Management Analysts,893900,13-1111,13-1111,Management Analysts,False
13-1121,"Meeting, Convention, and Event Planners",134670,13-1121,13-1121,"Meeting, Convention, and Event Planners",False
13-1131,Fundraisers,105930,13-1131,13-1131,Fundraisers,False
13-1141,"Compensation, Benefits, and Job Analysis Specialists",102370,13-1141,13-1141,"Compensation, Benefits, and Job Analysis Specialists",False
13-1151,Training and Development Specialists,436610,13-1151,13-1151,Training and Development Specialists,False
13-1161,Market Research Analysts and Marketing Specialists,861140,13-1161,13-1161,Market Research Analysts and Marketing Specialists,False
13-1199,"Business Operations Specialists, All Other",1128200,13-1199,13-1199,"Business Operations Specialists, All Other (#)",False
13-2011,Accountants and Auditors,1448290,13-2011,13-2011,Accountants and Auditors,False
13-2020,Property Appraisers and Assessors,59070,,,,True
13-2031,Budget Analysts,47170,13-2031,13-2031,Budget Analysts,False
13-2041,Credit Analysts,67370,13-2041,13-2041,Credit Analysts,False
13-2051,Financial and Investment Analysts,340580,13-2051,13-2051,Financial Analysts (#),False
13-2052,Personal Financial Advisors,270480,13-2052,13-2052,Personal Financial Advisors,False
13-2053,Insurance Underwriters,107820,13-2053,13-2053,Insurance Underwriters,False
13-2054,Financial Risk Specialists,56320,13-2054,13-2051;13-2099,"Financial Analysts (#); Financial Specialists, All Other (#)",False
13-2061,Financial Examiners,62830,13-2061,13-2061,Financial Examiners,False
13-2071,Credit Counselors,28110,13-2071,13-2071,Credit Counselors,False
13-2072,Loan Officers,290530,13-2072,13-2072,Loan Officers,False
13-2081,"Tax Examiners and Collectors, and Revenue Agents",53530,13-2081,13-2081,"Tax Examiners and Collectors, and Revenue Agents",False
13-2082,Tax Preparers,73570,13-2082,13-2082,Tax Preparers,False
13-2099,"Financial Specialists, All Other",127450,13-2099,13-2099,"Financial Specialists, All Other (#)",False
15-1211,Computer Systems Analysts,497800,15-1211,15-1121,Computer Systems Analysts,False
15-1212,Information Security Analysts,179430,15-1212,15-1122,Information Security Analysts,False
15-1221,Computer and Information Research Scientists,38480,15-1221,15-1111,Computer and Information Research Scientists,False
15-1231,Computer Network Support Specialists,146450,15-1231,15-1152,Computer Network Support Specialists,False
15-1232,Computer User Support Specialists,697210,15-1232,15-1151,Computer User Support Specialists,False
15-1241,Computer Network Architects,177010,15-1241,15-1143,Computer Network Architects,False
15-1242,Database Administrators,73180,15-1242,15-1141,Database Administrators (#),False
15-1243,Database Architects,64770,15-1243,15-1141;15-1199,"Computer Occupations, All Other (#); Database Administrators (#)",False
15-1244,Network and Computer Systems Administrators,318570,15-1244,15-1142,Network and Computer Systems Administrators,False
15-1251,Computer Programmers,109870,15-1251,15-1131,Computer Programmers,False
15-1252,Software Developers,1654440,15-1252,15-1132;15-1133,"Software Developers, Applications (#); Software Developers, Systems Software (#)",False
15-1253,Software Quality Assurance Analysts and Testers,199800,15-1253,15-1132;15-1133;15-1199,"Computer Occupations, All Other (#); Software Developers, Applications (#); Software Developers, Systems Software (#)",False
15-1254,Web Developers,78860,15-1254,15-1134,Web Developers (#),False
15-1255,Web and Digital Interface Designers,111400,15-1255,15-1134;15-1199,"Computer Occupations, All Other (#); Web Developers (#)",False
15-1299,"Computer Occupations, All Other",439380,15-1299,15-1199;43-9011,"Computer Occupations, All Other (#); Computer Operators",False
15-2011,Actuaries,28340,15-2011,15-2011,Actuaries,False
15-2021,Mathematicians,2220,15-2021,15-2021,Mathematicians,False
15-2031,Operations Research Analysts,107760,15-2031,15-2031,Operations Research Analysts,False
15-2041,Statisticians,29800,15-2041,15-2041,Statisticians,False
15-2051,Data Scientists,233440,15-2051,15-2099,"Mathematical Science Occupations, All Other (#)",False
15-2099,"Mathematical Science Occupations, All Other",4660,15-2099,15-2091;15-2099,"Mathematical Science Occupations, All Other (#); Mathematical Technicians",False
17-1011,"Architects, Except Landscape and Naval",111140,17-1011,17-1011,"Architects, Except Landscape and Naval",False
17-1012,Landscape Architects,19580,17-1012,17-1012,Landscape Architects,False
17-1021,Cartographers and Photogrammetrists,12790,17-1021,17-1021,Cartographers and Photogrammetrists,False
17-1022,Surveyors,53080,17-1022,17-1022,Surveyors,False
17-2011,Aerospace Engineers,68440,17-2011,17-2011,Aerospace Engineers,False
17-2021,Agricultural Engineers,1680,17-2021,17-2021,Agricultural Engineers,False
17-2031,Bioengineers and Biomedical Engineers,21860,17-2031,17-2031,Biomedical Engineers,False
17-2041,Chemical Engineers,20330,17-2041,17-2041,Chemical Engineers,False
17-2051,Civil Engineers,355410,17-2051,17-2051,Civil Engineers,False
17-2061,Computer Hardware Engineers,75710,17-2061,17-2061,Computer Hardware Engineers,False
17-2071,Electrical Engineers,188790,17-2071,17-2071,Electrical Engineers,False
17-2072,"Electronics Engineers, Except Computer",93940,17-2072,17-2072,"Electronics Engineers, Except Computer",False
17-2081,Environmental Engineers,37950,17-2081,17-2081,Environmental Engineers,False
17-2111,"Health and Safety Engineers, Except Mining Safety Engineers and Inspectors",23220,17-2111,17-2111,"Health and Safety Engineers, Except Mining Safety Engineers and Inspectors",False
17-2112,Industrial Engineers,350230,17-2112,17-2112,Industrial Engineers,False
17-2121,Marine Engineers and Naval Architects,8440,17-2121,17-2121,Marine Engineers and Naval Architects,False
17-2131,Materials Engineers,22770,17-2131,17-2131,Materials Engineers,False
17-2141,Mechanical Engineers,286760,17-2141,17-2141,Mechanical Engineers,False
17-2151,"Mining and Geological Engineers, Including Mining Safety Engineers",6770,17-2151,17-2151,"Mining and Geological Engineers, Including Mining Safety Engineers",False
17-2161,Nuclear Engineers,14740,17-2161,17-2161,Nuclear Engineers,False
17-2171,Petroleum Engineers,18970,17-2171,17-2171,Petroleum Engineers,False
17-2199,"Engineers, All Other",150750,17-2199,17-2199,"Engineers, All Other",False
17-3011,Architectural and Civil Drafters,109550,17-3011,17-3011,Architectural and Civil Drafters,False
17-3012,Electrical and Electronics Drafters,20020,17-3012,17-3012,Electrical and Electronics Drafters,False
17-3013,Mechanical Drafters,39900,17-3013,17-3013,Mechanical Drafters,False
17-3019,"Drafters, All Other",16010,17-3019,17-3019,"Drafters, All Other",False
17-3021,Aerospace Engineering and Operations Technologists and Technicians,9060,17-3021,17-3021,Aerospace Engineering and Operations Technicians,False
17-3022,Civil Engineering Technologists and Technicians,62130,17-3022,17-3022,Civil Engineering Technicians,False
17-3023,Electrical and Electronic Engineering Technologists and Technicians,92710,17-3023,17-3023,Electrical and Electronics Engineering Technicians,False
17-3024,Electro-Mechanical and Mechatronics Technologists and Technicians,14680,17-3024,17-3024,Electro-Mechanical Technicians,False
17-3025,Environmental Engineering Technologists and Technicians,12500,17-3025,17-3025,Environmental Engineering Technicians,False
17-3026,Industrial Engineering Technologists and Technicians,73410,17-3026,17-3026,Industrial Engineering Technicians,False
17-3027,Mechanical Engineering Technologists and Technicians,37450,17-3027,17-3027,Mechanical Engineering Technicians,False
17-3028,Calibration Technologists and Technicians,15320,17-3028,17-3029,"Engineering Technicians, Except Drafters, All Other (#)",False
17-3029,"Engineering Technologists and Technicians, Except Drafters, All Other",64410,17-3029,17-3029;55-3017,"Engineering Technicians, Except Drafters, All Other (#); Radar and Sonar Technicians",False
17-3031,Surveying and Mapping Technicians,56720,17-3031,17-3031,Surveying and Mapping Technicians,False
19-1011,Animal Scientists,2470,19-1011,19-1011,Animal Scientists,False
19-1012,Food Scientists and Technologists,14370,19-1012,19-1012,Food Scientists and Technologists,False
19-1013,Soil and Plant Scientists,16600,19-1013,19-1013,Soil and Plant Scientists,False
19-1021,Biochemists and Biophysicists,34520,19-1021,19-1021,Biochemists and Biophysicists,False
19-1022,Microbiologists,19760,19-1022,19-1022,Microbiologists,False
19-1023,Zoologists and Wildlife Biologists,16920,19-1023,19-1023,Zoologists and Wildlife Biologists,False
19-1029,"Biological Scientists, All Other",59710,19-1029,19-1029,"Biological Scientists, All Other",False
19-1031,Conservation Scientists,25590,19-1031,19-1031,Conservation Scientists,False
19-1032,Foresters,9650,19-1032,19-1032,Foresters,False
19-1041,Epidemiologists,11460,19-1041,19-1041,Epidemiologists,False
19-1042,"Medical Scientists, Except Epidemiologists",156300,19-1042,19-1042,"Medical Scientists, Except Epidemiologists",False
19-1099,"Life Scientists, All Other",7320,19-1099,19-1099,"Life Scientists, All Other",False
19-2011,Astronomers,1560,19-2011,19-2011,Astronomers,False
19-2012,Physicists,21340,19-2012,19-2012,Physicists,False
19-2021,Atmospheric and Space Scientists,8780,19-2021,19-2021,Atmospheric and Space Scientists,False
19-2031,Chemists,83250,19-2031,19-2031,Chemists,False
19-2032,Materials Scientists,8330,19-2032,19-2032,Materials Scientists,False
19-2041,"Environmental Scientists and Specialists, Including Health",84930,19-2041,19-2041,"Environmental Scientists and Specialists, Including Health",False
19-2042,"Geoscientists, Except Hydrologists and Geographers",22510,19-2042,19-2042,"Geoscientists, Except Hydrologists and Geographers",False
19-2043,Hydrologists,5720,19-2043,19-2043,Hydrologists,False
19-2099,"Physical Scientists, All Other",22580,19-2099,19-2099,"Physical Scientists, All Other",False
19-3011,Economists,15880,19-3011,19-3011,Economists,False
19-3022,Survey Researchers,7720,19-3022,19-3022,Survey Researchers,False
19-3032,Industrial-Organizational Psychologists,1050,19-3032,19-3032,Industrial-Organizational Psychologists,False
19-3033,Clinical and Counseling Psychologists,72190,19-3033,19-3031,"Clinical, Counseling, and School Psychologists (#)",False
19-3034,School Psychologists,63830,19-3034,19-3031,"Clinical, Counseling, and School Psychologists (#)",False
19-3039,"Psychologists, All Other",17790,19-3039,19-3039,"Psychologists, All Other",False
19-3041,Sociologists,2950,19-3041,19-3041,Sociologists,False
19-3051,Urban and Regional Planners,43040,19-3051,19-3051,Urban and Regional Planners,False
19-3091,Anthropologists and Archeologists,8070,19-3091,19-3091,Anthropologists and Archeologists,False
19-3092,Geographers,1380,19-3092,19-3092,Geographers,False
19-3093,Historians,3140,19-3093,19-3093,Historians,False
19-3094,Political Scientists,5950,19-3094,19-3094,Political Scientists,False
19-3099,"Social Scientists and Related Workers, All Other",36970,19-3099,19-3099,"Social Scientists and Related Workers, All Other",False
19-4012,Agricultural Technicians,14340,19-4012,19-4011,Agricultural and Food Science Technicians (#),False
19-4013,Food Science Technicians,14200,19-4013,19-4011,Agricultural and Food Science Technicians (#),False
19-4021,Biological Technicians,76190,19-4021,19-4021,Biological Technicians,False
19-4031,Chemical Technicians,55640,19-4031,19-4031,Chemical Technicians,False
19-4042,"Environmental Science and Protection Technicians, Including Health",39390,19-4042,19-4091,"Environmental Science and Protection Technicians, Including Health",False
19-4043,"Geological Technicians, Except Hydrologic Technicians",9710,19-4043,19-4041,Geological and Petroleum Technicians (#),False
19-4044,Hydrologic Technicians,2940,19-4044,19-4041;19-4099,"Geological and Petroleum Technicians (#); Life, Physical, and Social Science Technicians, All Other (#)",False
19-4051,Nuclear Technicians,5990,19-4051,19-4051,Nuclear Technicians,False
19-4061,Social Science Research Assistants,32940,19-4061,19-4061,Social Science Research Assistants,False
19-4071,Forest and Conservation Technicians,31080,19-4071,19-4093,Forest and Conservation Technicians,False
19-4092,Forensic Science Technicians,19450,19-4092,19-4092,Forensic Science Technicians,False
19-4099,"Life, Physical, and Social Science Technicians, All Other",71400,19-4099,19-4099,"Life, Physical, and Social Science Technicians, All Other (#)",False
19-5011,Occupational Health and Safety Specialists,128430,19-5011,29-9011,Occupational Health and Safety Specialists,False
19-5012,Occupational Health and Safety Technicians,31450,19-5012,29-9012,Occupational Health and Safety Technicians,False
21-1012,"Educational, Guidance, and Career Counselors and Advisors",342350,21-1012,21-1012,"Educational, Guidance, School, and Vocational Counselors",False
21-1013,Marriage and Family Therapists,65870,21-1013,21-1013,Marriage and Family Therapists,False
21-1015,Rehabilitation Counselors,88930,21-1015,21-1015,Rehabilitation Counselors,False
21-1018,"Substance Abuse, Behavioral Disorder, and Mental Health Counselors",440380,,,,True
21-1019,"Counselors, All Other",33340,21-1019,21-1019,"Counselors, All Other",False
21-1021,"Child, Family, and School Social Workers",382960,21-1021,21-1021,"Child, Family, and School Social Workers",False
21-1022,Healthcare Social Workers,185940,21-1022,21-1022,Healthcare Social Workers,False
21-1023,Mental Health and Substance Abuse Social Workers,125910,21-1023,21-1023,Mental Health and Substance Abuse Social Workers,False
21-1029,"Social Workers, All Other",64940,21-1029,21-1029,"Social Workers, All Other",False
21-1091,Health Education Specialists,65150,21-1091,21-1091,Health Educators,False
21-1092,Probation Officers and Correctional Treatment Specialists,86820,21-1092,21-1092,Probation Officers and Correctional Treatment Specialists,False
21-1093,Social and Human Service Assistants,424220,21-1093,21-1093,Social and Human Service Assistants,False
21-1094,Community Health Workers,60730,21-1094,21-1094,Community Health Workers,False
21-1099,"Community and Social Service Specialists, All Other",110390,21-1099,21-1099,"Community and Social Service Specialists, All Other",False
21-2011,Clergy,58080,21-2011,21-2011,Clergy,False
21-2021,"Directors, Religious Activities and Education",21460,21-2021,21-2021,"Directors, Religious Activities and Education",False
21-2099,"Religious Workers, All Other",12170,21-2099,21-2099,"Religious Workers, All Other",False
23-1011,Lawyers,747750,23-1011,23-1011,Lawyers,False
23-1012,Judicial Law Clerks,13220,23-1012,23-1012,Judicial Law Clerks,False
23-1021,"Administrative Law Judges, Adjudicators, and Hearing Officers",16230,23-1021,23-1021,"Administrative Law Judges, Adjudicators, and Hearing Officers",False
23-1022,"Arbitrators, Mediators, and Conciliators",7860,23-1022,23-1022,"Arbitrators, Mediators, and Conciliators",False
23-1023,"Judges, Magistrate Judges, and Magistrates",25580,23-1023,23-1023,"Judges, Magistrate Judges, and Magistrates",False
23-2011,Paralegals and Legal Assistants,367220,23-2011,23-2011,Paralegals and Legal Assistants,False
23-2093,"Title Examiners, Abstractors, and Searchers",48170,23-2093,23-2093,"Title Examiners, Abstractors, and Searchers",False
23-2099,"Legal Support Workers, All Other",47380,23-2099,23-2099,"Legal Support Workers, All Other",False
25-1011,"Business Teachers, Postsecondary",81780,25-1011,25-1011,"Business Teachers, Postsecondary",False
25-1021,"Computer Science Teachers, Postsecondary",36240,25-1021,25-1021,"Computer Science Teachers, Postsecondary",False
25-1022,"Mathematical Science Teachers, Postsecondary",48820,25-1022,25-1022,"Mathematical Science Teachers, Postsecondary",False
25-1031,"Architecture Teachers, Postsecondary",9120,25-1031,25-1031,"Architecture Teachers, Postsecondary",False
25-1032,"Engineering Teachers, Postsecondary",39910,25-1032,25-1032,"Engineering Teachers, Postsecondary",False
25-1041,"Agricultural Sciences Teachers, Postsecondary",8700,25-1041,25-1041,"Agricultural Sciences Teachers, Postsecondary",False
25-1042,"Biological Science Teachers, Postsecondary",53250,25-1042,25-1042,"Biological Science Teachers, Postsecondary",False
25-1043,"Forestry and Conservation Science Teachers, Postsecondary",1310,25-1043,25-1043,"Forestry and Conservation Science Teachers, Postsecondary",False
25-1051,"Atmospheric, Earth, Marine, and Space Sciences Teachers, Postsecondary",11480,25-1051,25-1051,"Atmospheric, Earth, Marine, and Space Sciences Teachers, Postsecondary",False
25-1052,"Chemistry Teachers, Postsecondary",20390,25-1052,25-1052,"Chemistry Teachers, Postsecondary",False
25-1053,"Environmental Science Teachers, Postsecondary",7130,25-1053,25-1053,"Environmental Science Teachers, Postsecondary",False
25-1054,"Physics Teachers, Postsecondary",13590,25-1054,25-1054,"Physics Teachers, Postsecondary",False
25-1061,"Anthropology and Archeology Teachers, Postsecondary",5260,25-1061,25-1061,"Anthropology and Archeology Teachers, Postsecondary",False
25-1062,"Area, Ethnic, and Cultural Studies Teachers, Postsecondary",11430,25-1062,25-1062,"Area, Ethnic, and Cultural Studies Teachers, Postsecondary",False
25-1063,"Economics Teachers, Postsecondary",12420,25-1063,25-1063,"Economics Teachers, Postsecondary",False
25-1064,"Geography Teachers, Postsecondary",3290,25-1064,25-1064,"Geography Teachers, Postsecondary",False
25-1065,"Political Science Teachers, Postsecondary",17170,25-1065,25-1065,"Political Science Teachers, Postsecondary",False
25-1066,"Psychology Teachers, Postsecondary",41610,25-1066,25-1066,"Psychology Teachers, Postsecondary",False
25-1067,"Sociology Teachers, Postsecondary",12380,25-1067,25-1067,"Sociology Teachers, Postsecondary",False
25-1069,"Social Sciences Teachers, Postsecondary, All Other",17540,25-1069,25-1069,"Social Sciences Teachers, Postsecondary, All Other",False
25-1071,"Health Specialties Teachers, Postsecondary",229720,25-1071,25-1071,"Health Specialties Teachers, Postsecondary",False
25-1072,"Nursing Instructors and Teachers, Postsecondary",74250,25-1072,25-1072,"Nursing Instructors and Teachers, Postsecondary",False
25-1081,"Education Teachers, Postsecondary",59090,25-1081,25-1081,"Education Teachers, Postsecondary",False
25-1082,"Library Science Teachers, Postsecondary",4100,25-1082,25-1082,"Library Science Teachers, Postsecondary",False
25-1111,"Criminal Justice and Law Enforcement Teachers, Postsecondary",13560,25-1111,25-1111,"Criminal Justice and Law Enforcement Teachers, Postsecondary",False
25-1112,"Law Teachers, Postsecondary",22800,25-1112,25-1112,"Law Teachers, Postsecondary",False
25-1113,"Social Work Teachers, Postsecondary",13350,25-1113,25-1113,"Social Work Teachers, Postsecondary",False
25-1121,"Art, Drama, and Music Teachers, Postsecondary",97890,25-1121,25-1121,"Art, Drama, and Music Teachers, Postsecondary",False
25-1122,"Communications Teachers, Postsecondary",29260,25-1122,25-1122,"Communications Teachers, Postsecondary",False
25-1123,"English Language and Literature Teachers, Postsecondary",59590,25-1123,25-1123,"English Language and Literature Teachers, Postsecondary",False
25-1124,"Foreign Language and Literature Teachers, Postsecondary",21170,25-1124,25-1124,"Foreign Language and Literature Teachers, Postsecondary",False
25-1125,"History Teachers, Postsecondary",19860,25-1125,25-1125,"History Teachers, Postsecondary",False
25-1126,"Philosophy and Religion Teachers, Postsecondary",20840,25-1126,25-1126,"Philosophy and Religion Teachers, Postsecondary",False
25-1192,"Family and Consumer Sciences Teachers, Postsecondary",2630,25-1192,25-1192,"Home Economics Teachers, Postsecondary",False
25-1193,"Recreation and Fitness Studies Teachers, Postsecondary",12680,25-1193,25-1193,"Recreation and Fitness Studies Teachers, Postsecondary",False
25-1194,"Career/Technical Education Teachers, Postsecondary",111150,25-1194,25-1194,"Vocational Education Teachers, Postsecondary",False
25-1199,"Postsecondary Teachers, All Other",151530,25-1199,25-1199,"Postsecondary Teachers, All Other",False
25-2011,"Preschool Teachers, Except Special Education",445080,25-2011,25-2011,"Preschool Teachers, Except Special Education",False
25-2012,"Kindergarten Teachers, Except Special Education",114410,25-2012,25-2012,"Kindergarten Teachers, Except Special Education",False
25-2021,"Elementary School Teachers, Except Special Education",1393310,25-2021,25-2021,"Elementary School Teachers, Except Special Education",False
25-2022,"Middle School Teachers, Except Special and Career/Technical Education",620370,25-2022,25-2022,"Middle School Teachers, Except Special and Career/Technical Education",False
25-2023,"Career/Technical Education Teachers, Middle School",14200,25-2023,25-2023,"Career/Technical Education Teachers, Middle School",False
25-2031,"Secondary School Teachers, Except Special and Career/Technical Education",1072540,25-2031,25-2031,"Secondary School Teachers, Except Special and Career/Technical Education",False
25-2032,"Career/Technical Education Teachers, Secondary School",104450,25-2032,25-2032,"Career/Technical Education Teachers, Secondary School",False
25-2051,"Special Education Teachers, Preschool",28200,25-2051,25-2051,"Special Education Teachers, Preschool",False
25-2052,"Special Education Teachers, Kindergarten and Elementary School",231570,,,,True
25-2057,"Special Education Teachers, Middle School",95330,25-2057,25-2053,"Special Education Teachers, Middle School",False
25-2058,"Special Education Teachers, Secondary School",162780,25-2058,25-2054,"Special Education Teachers, Secondary School",False
25-2059,"Special Education Teachers, All Other",39350,25-2059,25-2059,"Special Education Teachers, All Other",False
25-3011,"Adult Basic Education, Adult Secondary Education, and English as a Second Language Instructors",36260,25-3011,25-3011,Adult Basic and Secondary Education and Literacy Teachers and Instructors,False
25-3021,Self-Enrichment Teachers,308520,25-3021,25-3021,Self-Enrichment Education Teachers,False
25-3031,"Substitute Teachers, Short-Term",481300,25-3031,25-3099,"Teachers and Instructors, All Other (#)",False
25-3041,Tutors,174660,25-3041,25-3099,"Teachers and Instructors, All Other (#)",False
25-3099,"Teachers and Instructors, All Other",125010,25-3099,25-3099,"Teachers and Instructors, All Other (#)",False
25-4011,Archivists,7050,25-4011,25-4011,Archivists,False
25-4012,Curators,12280,25-4012,25-4012,Curators,False
25-4013,Museum Technicians and Conservators,13070,25-4013,25-4013,Museum Technicians and Conservators,False
25-4022,Librarians and Media Collections Specialists,131830,25-4022,25-4021;25-9011,Audio-Visual and Multimedia Collections Specialists; Librarians,False
25-4031,Library Technicians,73770,25-4031,25-4031,Library Technicians,False
25-9021,Farm and Home Management Educators,10260,25-9021,25-9021,Farm and Home Management Advisors,False
25-9031,Instructional Coordinators,210850,25-9031,25-9031,Instructional Coordinators,False
25-9044,"Teaching Assistants, Postsecondary",155010,25-9044,25-1191,Graduate Teaching Assistants,False
25-9045,"Teaching Assistants, Except Postsecondary",1375300,,,,True
25-9099,"Educational Instruction and Library Workers, All Other",114640,25-9099,25-9099,"Education, Training, and Library Workers, All Other",False
27-1011,Art Directors,50370,27-1011,27-1011,Art Directors,False
27-1012,Craft Artists,4370,27-1012,27-1012,Craft Artists,False
27-1013,"Fine Artists, Including Painters, Sculptors, and Illustrators",10000,27-1013,27-1013,"Fine Artists, Including Painters, Sculptors, and Illustrators",False
27-1014,Special Effects Artists and Animators,21280,27-1014,27-1014,Multimedia Artists and Animators,False
27-1019,"Artists and Related Workers, All Other",7370,27-1019,27-1019,"Artists and Related Workers, All Other",False
27-1021,Commercial and Industrial Designers,30250,27-1021,27-1021,Commercial and Industrial Designers,False
27-1022,Fashion Designers,20910,27-1022,27-1022,Fashion Designers,False
27-1023,Floral Designers,40160,27-1023,27-1023,Floral Designers,False
27-1024,Graphic Designers,214260,27-1024,27-1024,Graphic Designers,False
27-1025,Interior Designers,69580,27-1025,27-1025,Interior Designers,False
27-1026,Merchandise Displayers and Window Trimmers,192480,27-1026,27-1026,Merchandise Displayers and Window Trimmers,False
27-1027,Set and Exhibit Designers,10850,27-1027,27-1027,Set and Exhibit Designers,False
27-1029,"Designers, All Other",9680,27-1029,27-1029,"Designers, All Other",False
27-2011,Actors,38800,27-2011,27-2011,Actors,False
27-2012,Producers and Directors,145270,27-2012,27-2012,Producers and Directors,False
27-2021,Athletes and Sports Competitors,14370,27-2021,27-2021,Athletes and Sports Competitors,False
27-2022,Coaches and Scouts,250940,27-2022,27-2022,Coaches and Scouts,False
27-2023,"Umpires, Referees, and Other Sports Officials",15080,27-2023,27-2023,"Umpires, Referees, and Other Sports Officials",False
27-2031,Dancers,9060,27-2031,27-2031,Dancers,False
27-2032,Choreographers,3430,27-2032,27-2032,Choreographers,False
27-2041,Music Directors and Composers,12330,27-2041,27-2041,Music Directors and Composers,False
27-2042,Musicians and Singers,38350,27-2042,27-2042,Musicians and Singers,False
27-2091,"Disc Jockeys, Except Radio",8170,27-2091,27-2099,"Entertainers and Performers, Sports and Related Workers, All Other (#)",False
27-2099,"Entertainers and Performers, Sports and Related Workers, All Other",15040,27-2099,27-2099,"Entertainers and Performers, Sports and Related Workers, All Other (#)",False
27-3011,Broadcast Announcers and Radio Disc Jockeys,23880,27-3011,27-3011,Radio and Television Announcers,False
27-3023,"News Analysts, Reporters, and Journalists",41550,27-3023,27-3021;27-3022,Broadcast News Analysts; Reporters and Correspondents,False
27-3031,Public Relations Specialists,280590,27-3031,27-3031,Public Relations Specialists,False
27-3041,Editors,95480,27-3041,27-3041,Editors,False
27-3042,Technical Writers,55530,27-3042,27-3042,Technical Writers,False
27-3043,Writers and Authors,47800,27-3043,27-3043,Writers and Authors,False
27-3091,Interpreters and Translators,53360,27-3091,27-3091,Interpreters and Translators,False
27-3092,Court Reporters and Simultaneous Captioners,12630,27-3092,23-2091,Court Reporters,False
27-3099,"Media and Communication Workers, All Other",23590,27-3099,27-3012;27-3099,"Media and Communication Workers, All Other; Public Address System and Other Announcers",False
27-4011,Audio and Video Technicians,70080,27-4011,27-4011,Audio and Video Equipment Technicians,False
27-4012,Broadcast Technicians,21080,27-4012,27-4012,Broadcast Technicians,False
27-4014,Sound Engineering Technicians,13050,27-4014,27-4014,Sound Engineering Technicians,False
27-4015,Lighting Technicians,10130,27-4015,27-4099,"Media and Communication Equipment Workers, All Other (#)",False
27-4021,Photographers,51230,27-4021,27-4021,Photographers,False
27-4031,"Camera Operators, Television, Video, and Film",24460,27-4031,27-4031,"Camera Operators, Television, Video, and Motion Picture",False
27-4032,Film and Video Editors,28860,27-4032,27-4032,Film and Video Editors,False
27-4099,"Media and Communication Equipment Workers, All Other",13020,27-4099,27-4099,"Media and Communication Equipment Workers, All Other (#)",False
29-1011,Chiropractors,37630,29-1011,29-1011,Chiropractors,False
29-1021,"Dentists, General",113490,29-1021,29-1021,"Dentists, General",False
29-1022,Oral and Maxillofacial Surgeons,5330,29-1022,29-1022,Oral and Maxillofacial Surgeons,False
29-1023,Orthodontists,5150,29-1023,29-1023,Orthodontists,False
29-1024,Prosthodontists,760,29-1024,29-1024,Prosthodontists,False
29-1029,"Dentists, All Other Specialists",5900,29-1029,29-1029,"Dentists, All Other Specialists",False
29-1031,Dietitians and Nutritionists,76570,29-1031,29-1031,Dietitians and Nutritionists,False
29-1041,Optometrists,41890,29-1041,29-1041,Optometrists,False
29-1051,Pharmacists,328870,29-1051,29-1051,Pharmacists,False
29-1071,Physician Assistants,155540,29-1071,29-1071,Physician Assistants,False
29-1081,Podiatrists,9520,29-1081,29-1081,Podiatrists,False
29-1122,Occupational Therapists,152280,29-1122,29-1122,Occupational Therapists,False
29-1123,Physical Therapists,248630,29-1123,29-1123,Physical Therapists,False
29-1124,Radiation Therapists,18700,29-1124,29-1124,Radiation Therapists,False
29-1125,Recreational Therapists,15060,29-1125,29-1125,Recreational Therapists,False
29-1126,Respiratory Therapists,136420,29-1126,29-1126,Respiratory Therapists,False
29-1127,Speech-Language Pathologists,178790,29-1127,29-1127,Speech-Language Pathologists,False
29-1128,Exercise Physiologists,8110,29-1128,29-1128,Exercise Physiologists,False
29-1129,"Therapists, All Other",19320,29-1129,29-1129,"Therapists, All Other",False
29-1131,Veterinarians,80630,29-1131,29-1131,Veterinarians,False
29-1141,Registered Nurses,3282010,29-1141,29-1141,Registered Nurses,False
29-1151,Nurse Anesthetists,50350,29-1151,29-1151,Nurse Anesthetists,False
29-1161,Nurse Midwives,8280,29-1161,29-1161,Nurse Midwives,False
29-1171,Nurse Practitioners,307390,29-1171,29-1171,Nurse Practitioners,False
29-1181,Audiologists,14730,29-1181,29-1181,Audiologists,False
29-1211,Anesthesiologists,41890,29-1211,29-1061,Anesthesiologists,False
29-1212,Cardiologists,18020,29-1212,29-1069,"Physicians and Surgeons, All Other (#)",False
29-1213,Dermatologists,10080,29-1213,29-1069,"Physicians and Surgeons, All Other (#)",False
29-1214,Emergency Medicine Physicians,33680,29-1214,29-1069,"Physicians and Surgeons, All Other (#)",False
29-1215,Family Medicine Physicians,107950,29-1215,29-1062,Family and General Practitioners,False
29-1216,General Internal Medicine Physicians,66640,29-1216,29-1063,"Internists, General",False
29-1217,Neurologists,7700,29-1217,29-1069,"Physicians and Surgeons, All Other (#)",False
29-1218,Obstetricians and Gynecologists,19900,29-1218,29-1064,Obstetricians and Gynecologists,False
29-1221,"Pediatricians, General",42960,29-1221,29-1065,"Pediatricians, General",False
29-1222,"Physicians, Pathologists",11800,29-1222,29-1069,"Physicians and Surgeons, All Other (#)",False
29-1223,Psychiatrists,24800,29-1223,29-1066,Psychiatrists,False
29-1224,Radiologists,26290,29-1224,29-1069,"Physicians and Surgeons, All Other (#)",False
29-1229,"Physicians, All Other",315360,29-1229,29-1069,"Physicians and Surgeons, All Other (#)",False
29-1241,"Ophthalmologists, Except Pediatric",12110,29-1241,29-1069,"Physicians and Surgeons, All Other (#)",False
29-1242,"Orthopedic Surgeons, Except Pediatric",14160,29-1242,29-1067,Surgeons (#),False
29-1243,Pediatric Surgeons,1050,29-1243,29-1067,Surgeons (#),False
29-1249,"Surgeons, All Other",24080,29-1249,29-1067,Surgeons (#),False
29-1291,Acupuncturists,8440,29-1291,29-1199,"Health Diagnosing and Treating Practitioners, All Other (#)",False
29-1292,Dental Hygienists,219070,29-1292,29-2021,Dental Hygienists,False
29-1299,"Healthcare Diagnosing or Treating Practitioners, All Other",30870,29-1299,29-1199,"Health Diagnosing and Treating Practitioners, All Other (#)",False
29-2010,Clinical Laboratory Technologists and Technicians,343040,,,,True
29-2031,Cardiovascular Technologists and Technicians,61180,29-2031,29-2031,Cardiovascular Technologists and Technicians,False
29-2032,Diagnostic Medical Sonographers,86460,29-2032,29-2032,Diagnostic Medical Sonographers,False
29-2033,Nuclear Medicine Technologists,16960,29-2033,29-2033,Nuclear Medicine Technologists,False
29-2034,Radiologic Technologists and Technicians,223460,29-2034,29-2034,Radiologic Technologists,False
29-2035,Magnetic Resonance Imaging Technologists,41530,29-2035,29-2035,Magnetic Resonance Imaging Technologists,False
29-2036,Medical Dosimetrists,3970,29-2036,29-2099,"Health Technologists and Technicians, All Other (#)",False
29-2042,Emergency Medical Technicians,177980,29-2042,29-2041,Emergency Medical Technicians and Paramedics (#),False
29-2043,Paramedics,99530,29-2043,29-2041,Emergency Medical Technicians and Paramedics (#),False
29-2051,Dietetic Technicians,29950,29-2051,29-2051,Dietetic Technicians,False
29-2052,Pharmacy Technicians,487920,29-2052,29-2052,Pharmacy Technicians,False
29-2053,Psychiatric Technicians,136300,29-2053,29-2053,Psychiatric Technicians,False
29-2055,Surgical Technologists,113890,29-2055,29-2055,Surgical Technologists,False
29-2056,Veterinary Technologists and Technicians,131320,29-2056,29-2056,Veterinary Technologists and Technicians,False
29-2057,Ophthalmic Medical Technicians,76520,29-2057,29-2057,Ophthalmic Medical Technicians,False
29-2061,Licensed Practical and Licensed Vocational Nurses,632430,29-2061,29-2061,Licensed Practical and Licensed Vocational Nurses,False
29-2072,Medical Records Specialists,187910,29-2072,29-2071,Medical Records and Health Information Technicians (#),False
29-2081,"Opticians, Dispensing",79690,29-2081,29-2081,"Opticians, Dispensing",False
29-2091,Orthotists and Prosthetists,9930,29-2091,29-2091,Orthotists and Prosthetists,False
29-2092,Hearing Aid Specialists,10580,29-2092,29-2092,Hearing Aid Specialists,False
29-2099,"Health Technologists and Technicians, All Other",174060,29-2099,29-2054;29-2099,"Health Technologists and Technicians, All Other (#); Respiratory Therapy Technicians",False
29-9021,Health Information Technologists and Medical Registrars,37620,29-9021,29-2071;29-9099,"Healthcare Practitioners and Technical Workers, All Other (#); Medical Records and Health Information Technicians (#)",False
29-9091,Athletic Trainers,28950,29-9091,29-9091,Athletic Trainers,False
29-9092,Genetic Counselors,3510,29-9092,29-9092,Genetic Counselors,False
29-9093,Surgical Assistants,22860,29-9093,29-9099,"Healthcare Practitioners and Technical Workers, All Other (#)",False
29-9099,"Healthcare Practitioners and Technical Workers, All Other",36970,29-9099,29-9099,"Healthcare Practitioners and Technical Workers, All Other (#)",False
31-1120,Home Health and Personal Care Aides,3988140,,,,True
31-1131,Nursing Assistants,1388430,31-1131,31-1014,Nursing Assistants,False
31-1132,Orderlies,53020,31-1132,31-1015,Orderlies,False
31-1133,Psychiatric Aides,34900,31-1133,31-1013,Psychiatric Aides,False
31-2011,Occupational Therapy Assistants,47910,31-2011,31-2011,Occupational Therapy Assistants,False
31-2012,Occupational Therapy Aides,5000,31-2012,31-2012,Occupational Therapy Aides,False
31-2021,Physical Therapist Assistants,108010,31-2021,31-2021,Physical Therapist Assistants,False
31-2022,Physical Therapist Aides,44010,31-2022,31-2022,Physical Therapist Aides,False
31-9011,Massage Therapists,96040,31-9011,31-9011,Massage Therapists,False
31-9091,Dental Assistants,375430,31-9091,31-9091,Dental Assistants,False
31-9092,Medical Assistants,793460,31-9092,31-9092,Medical Assistants,False
31-9093,Medical Equipment Preparers,72760,31-9093,31-9093,Medical Equipment Preparers,False
31-9094,Medical Transcriptionists,43070,31-9094,31-9094,Medical Transcriptionists,False
31-9095,Pharmacy Aides,41100,31-9095,31-9095,Pharmacy Aides,False
31-9096,Veterinary Assistants and Laboratory Animal Caretakers,114190,31-9096,31-9096,Veterinary Assistants and Laboratory Animal Caretakers,False
31-9097,Phlebotomists,138880,31-9097,31-9097,Phlebotomists,False
31-9099,"Healthcare Support Workers, All Other",103650,31-9099,31-9099,"Healthcare Support Workers, All Other",False
33-1011,First-Line Supervisors of Correctional Officers,53390,33-1011,33-1011,First-Line Supervisors of Correctional Officers,False
33-1012,First-Line Supervisors of Police and Detectives,153130,33-1012,33-1012,First-Line Supervisors of Police and Detectives,False
33-1021,First-Line Supervisors of Firefighting and Prevention Workers,93680,33-1021,33-1021,First-Line Supervisors of Fire Fighting and Prevention Workers,False
33-1091,First-Line Supervisors of Security Workers,70310,33-1091,33-1099,"First-Line Supervisors of Protective Service Workers, All Other (#)",False
33-1099,"First-Line Supervisors of Protective Service Workers, All Other",20460,33-1099,33-1099,"First-Line Supervisors of Protective Service Workers, All Other (#)",False
33-2011,Firefighters,332240,33-2011,33-2011,Firefighters,False
33-2021,Fire Inspectors and Investigators,14050,33-2021,33-2021,Fire Inspectors and Investigators,False
33-2022,Forest Fire Inspectors and Prevention Specialists,2780,33-2022,33-2022,Forest Fire Inspectors and Prevention Specialists,False
33-3011,Bailiffs,16910,33-3011,33-3011,Bailiffs,False
33-3012,Correctional Officers and Jailers,365380,33-3012,33-3012,Correctional Officers and Jailers,False
33-3021,Detectives and Criminal Investigators,110790,33-3021,33-3021,Detectives and Criminal Investigators,False
33-3031,Fish and Game Wardens,6420,33-3031,33-3031,Fish and Game Wardens,False
33-3041,Parking Enforcement Workers,7770,33-3041,33-3041,Parking Enforcement Workers,False
33-3051,Police and Sheriff's Patrol Officers,666990,33-3051,33-3051,Police and Sheriff's Patrol Officers,False
33-3052,Transit and Railroad Police,3000,33-3052,33-3052,Transit and Railroad Police,False
33-9011,Animal Control Workers,11790,33-9011,33-9011,Animal Control Workers,False
33-9021,Private Detectives and Investigators,38700,33-9021,33-9021,Private Detectives and Investigators,False
33-9031,Gambling Surveillance Officers and Gambling Investigators,10000,33-9031,33-9031,Gaming Surveillance Officers and Gaming Investigators,False
33-9032,Security Guards,1241770,33-9032,33-9032,Security Guards,False
33-9091,Crossing Guards and Flaggers,90180,33-9091,33-9091,Crossing Guards,False
33-9092,"Lifeguards, Ski Patrol, and Other Recreational Protective Service Workers",143590,33-9092,33-9092,"Lifeguards, Ski Patrol, and Other Recreational Protective Service Workers",False
33-9093,Transportation Security Screeners,46340,33-9093,33-9093,Transportation Security Screeners,False
33-9094,School Bus Monitors,72140,33-9094,33-9099,"Protective Service Workers, All Other (#)",False
33-9099,"Protective Service Workers, All Other",83110,33-9099,33-9099,"Protective Service Workers, All Other (#)",False
35-1011,Chefs and Head Cooks,182320,35-1011,35-1011,Chefs and Head Cooks,False
35-1012,First-Line Supervisors of Food Preparation and Serving Workers,1187460,35-1012,35-1012,First-Line Supervisors of Food Preparation and Serving Workers,False
35-2011,"Cooks, Fast Food",668230,35-2011,35-2011,"Cooks, Fast Food",False
35-2012,"Cooks, Institution and Cafeteria",448260,35-2012,35-2012,"Cooks, Institution and Cafeteria",False
35-2013,"Cooks, Private Household",900,35-2013,35-2013,"Cooks, Private Household",False
35-2014,"Cooks, Restaurant",1452130,35-2014,35-2014,"Cooks, Restaurant",False
35-2015,"Cooks, Short Order",150420,35-2015,35-2015,"Cooks, Short Order",False
35-2019,"Cooks, All Other",23590,35-2019,35-2019,"Cooks, All Other",False
35-2021,Food Preparation Workers,888770,35-2021,35-2021,Food Preparation Workers,False
35-3011,Bartenders,745610,35-3011,35-3011,Bartenders,False
35-3023,Fast Food and Counter Workers,3780930,35-3023,35-3021;35-3022,"Combined Food Preparation and Serving Workers, Including Fast Food; Counter Attendants, Cafeteria, Food Concession, and Coffee Shop",False
35-3031,Waiters and Waitresses,2302690,35-3031,35-3031,Waiters and Waitresses,False
35-3041,"Food Servers, Nonrestaurant",271780,35-3041,35-3041,"Food Servers, Nonrestaurant",False
35-9011,Dining Room and Cafeteria Attendants and Bartender Helpers,522010,35-9011,35-9011,Dining Room and Cafeteria Attendants and Bartender Helpers,False
35-9021,Dishwashers,471670,35-9021,35-9021,Dishwashers,False
35-9031,"Hosts and Hostesses, Restaurant, Lounge, and Coffee Shop",427150,35-9031,35-9031,"Hosts and Hostesses, Restaurant, Lounge, and Coffee Shop",False
35-9099,"Food Preparation and Serving Related Workers, All Other",89580,35-9099,35-9099,"Food Preparation and Serving Related Workers, All Other",False
37-1011,First-Line Supervisors of Housekeeping and Janitorial Workers,174660,37-1011,37-1011,First-Line Supervisors of Housekeeping and Janitorial Workers,False
37-1012,"First-Line Supervisors of Landscaping, Lawn Service, and Groundskeeping Workers",124130,37-1012,37-1012,"First-Line Supervisors of Landscaping, Lawn Service, and Groundskeeping Workers",False
37-2011,"Janitors and Cleaners, Except Maids and Housekeeping Cleaners",2199900,37-2011,37-2011,"Janitors and Cleaners, Except Maids and Housekeeping Cleaners",False
37-2012,Maids and Housekeeping Cleaners,854910,37-2012,37-2012,Maids and Housekeeping Cleaners,False
37-2019,"Building Cleaning Workers, All Other",16370,37-2019,37-2019,"Building Cleaning Workers, All Other",False
37-2021,Pest Control Workers,96110,37-2021,37-2021,Pest Control Workers,False
37-3011,Landscaping and Groundskeeping Workers,943430,37-3011,37-3011,Landscaping and Groundskeeping Workers,False
37-3012,"Pesticide Handlers, Sprayers, and Applicators, Vegetation",25200,37-3012,37-3012,"Pesticide Handlers, Sprayers, and Applicators, Vegetation",False
37-3013,Tree Trimmers and Pruners,47870,37-3013,37-3013,Tree Trimmers and Pruners,False
37-3019,"Grounds Maintenance Workers, All Other",13580,37-3019,37-3019,"Grounds Maintenance Workers, All Other",False
39-1013,First-Line Supervisors of Gambling Services Workers,25530,39-1013,39-1011;39-1012,Gaming Supervisors; Slot Supervisors,False
39-1014,"First-Line Supervisors of Entertainment and Recreation Workers, Except Gambling Services",92830,39-1014,39-1021,First-Line Supervisors of Personal Service Workers (#),False
39-1022,First-Line Supervisors of Personal Service Workers,107060,39-1022,39-1021,First-Line Supervisors of Personal Service Workers (#),False
39-2011,Animal Trainers,20110,39-2011,39-2011,Animal Trainers,False
39-2021,Animal Caretakers,277300,39-2021,39-2021,Nonfarm Animal Caretakers,False
39-3011,Gambling Dealers,82980,39-3011,39-3011,Gaming Dealers,False
39-3012,Gambling and Sports Book Writers and Runners,7600,39-3012,39-3012,Gaming and Sports Book Writers and Runners,False
39-3019,"Gambling Service Workers, All Other",14920,39-3019,39-3019,"Gaming Service Workers, All Other",False
39-3021,Motion Picture Projectionists,1950,39-3021,39-3021,Motion Picture Projectionists,False
39-3031,"Ushers, Lobby Attendants, and Ticket Takers",119210,39-3031,39-3031,"Ushers, Lobby Attendants, and Ticket Takers",False
39-3091,Amusement and Recreation Attendants,371590,39-3091,39-3091,Amusement and Recreation Attendants,False
39-3092,Costume Attendants,6290,39-3092,39-3092,Costume Attendants,False
39-3093,"Locker Room, Coatroom, and Dressing Room Attendants",14960,39-3093,39-3093,"Locker Room, Coatroom, and Dressing Room Attendants",False
39-3099,"Entertainment Attendants and Related Workers, All Other",8060,39-3099,39-3099,"Entertainment Attendants and Related Workers, All Other",False
39-4011,Embalmers,3420,39-4011,39-4011,Embalmers,False
39-4012,Crematory Operators,2950,39-4012,39-9099,"Personal Care and Service Workers, All Other (#)",False
39-4021,Funeral Attendants,30560,39-4021,39-4021,Funeral Attendants,False
39-4031,"Morticians, Undertakers, and Funeral Arrangers",25700,39-4031,39-4031,"Morticians, Undertakers, and Funeral Directors",False
39-5011,Barbers,18100,39-5011,39-5011,Barbers,False
39-5012,"Hairdressers, Hairstylists, and Cosmetologists",295460,39-5012,39-5012,"Hairdressers, Hairstylists, and Cosmetologists",False
39-5091,"Makeup Artists, Theatrical and Performance",3320,39-5091,39-5091,"Makeup Artists, Theatrical and Performance",False
39-5092,Manicurists and Pedicurists,147820,39-5092,39-5092,Manicurists and Pedicurists,False
39-5093,Shampooers,8890,39-5093,39-5093,Shampooers,False
39-5094,Skincare Specialists,70240,39-5094,39-5094,Skincare Specialists,False
39-6011,Baggage Porters and Bellhops,31220,39-6011,39-6011,Baggage Porters and Bellhops,False
39-6012,Concierges,44200,39-6012,39-6012,Concierges,False
39-7010,Tour and Travel Guides,49010,,,,True
39-9011,Childcare Workers,520180,39-9011,39-9011,Childcare Workers,False
39-9031,Exercise Trainers and Group Fitness Instructors,303620,39-9031,39-9031,Fitness Trainers and Aerobics Instructors,False
39-9032,Recreation Workers,309640,39-9032,39-9032,Recreation Workers,False
39-9041,Residential Advisors,82810,39-9041,39-9041,Residential Advisors,False
39-9099,"Personal Care and Service Workers, All Other",62390,39-9099,39-9099,"Personal Care and Service Workers, All Other (#)",False
41-1011,First-Line Supervisors of Retail Sales Workers,1113160,41-1011,41-1011,First-Line Supervisors of Retail Sales Workers,False
41-1012,First-Line Supervisors of Non-Retail Sales Workers,219010,41-1012,41-1012,First-Line Supervisors of Non-Retail Sales Workers,False
41-2011,Cashiers,3148030,41-2011,41-2011,Cashiers,False
41-2012,Gambling Change Persons and Booth Cashiers,21930,41-2012,41-2012,Gaming Change Persons and Booth Cashiers,False
41-2021,Counter and Rental Clerks,398620,41-2021,41-2021,Counter and Rental Clerks,False
41-2022,Parts Salespersons,265060,41-2022,41-2022,Parts Salespersons,False
41-2031,Retail Salespersons,3800250,41-2031,41-2031,Retail Salespersons,False
41-3011,Advertising Sales Agents,97470,41-3011,41-3011,Advertising Sales Agents,False
41-3021,Insurance Sales Agents,469480,41-3021,41-3021,Insurance Sales Agents,False
41-3031,"Securities, Commodities, and Financial Services Sales Agents",472300,41-3031,41-3031,"Securities, Commodities, and Financial Services Sales Agents",False
41-3041,Travel Agents,59150,41-3041,41-3041,Travel Agents,False
41-3091,"Sales Representatives of Services, Except Advertising, Insurance, Financial Services, and Travel",1189330,41-3091,41-3099,"Sales Representatives, Services, All Other",False
41-4011,"Sales Representatives, Wholesale and Manufacturing, Technical and Scientific Products",293930,41-4011,41-4011,"Sales Representatives, Wholesale and Manufacturing, Technical and Scientific Products",False
41-4012,"Sales Representatives, Wholesale and Manufacturing, Except Technical and Scientific Products",1266860,41-4012,41-4012,"Sales Representatives, Wholesale and Manufacturing, Except Technical and Scientific Products",False
41-9011,Demonstrators and Product Promoters,64770,41-9011,41-9011,Demonstrators and Product Promoters,False
41-9012,Models,5350,41-9012,41-9012,Models,False
41-9021,Real Estate Brokers,49590,41-9021,41-9021,Real Estate Brokers,False
41-9022,Real Estate Sales Agents,190600,41-9022,41-9022,Real Estate Sales Agents,False
41-9031,Sales Engineers,56690,41-9031,41-9031,Sales Engineers,False
41-9041,Telemarketers,66430,41-9041,41-9041,Telemarketers,False
41-9091,"Door-to-Door Sales Workers, News and Street Vendors, and Related Workers",4590,41-9091,41-9091,"Door-to-Door Sales Workers, News and Street Vendors, and Related Workers",False
41-9099,"Sales and Related Workers, All Other",99070,41-9099,41-9099,"Sales and Related Workers, All Other",False
43-1011,First-Line Supervisors of Office and Administrative Support Workers,1495580,43-1011,43-1011,First-Line Supervisors of Office and Administrative Support Workers,False
43-2011,"Switchboard Operators, Including Answering Service",35730,43-2011,43-2011,"Switchboard Operators, Including Answering Service",False
43-2021,Telephone Operators,3950,43-2021,43-2021,Telephone Operators,False
43-2099,"Communications Equipment Operators, All Other",1390,43-2099,27-4013;43-2099,"Communications Equipment Operators, All Other; Radio Operators",False
43-3011,Bill and Account Collectors,165020,43-3011,43-3011,Bill and Account Collectors,False
43-3021,Billing and Posting Clerks,417500,43-3021,43-3021,Billing and Posting Clerks,False
43-3031,"Bookkeeping, Accounting, and Auditing Clerks",1455770,43-3031,43-3031,"Bookkeeping, Accounting, and Auditing Clerks",False
43-3041,Gambling Cage Workers,13490,43-3041,43-3041,Gaming Cage Workers,False
43-3051,Payroll and Timekeeping Clerks,156950,43-3051,43-3051,Payroll and Timekeeping Clerks,False
43-3061,Procurement Clerks,59900,43-3061,43-3061,Procurement Clerks,False
43-3071,Tellers,339340,43-3071,43-3071,Tellers,False
43-3099,"Financial Clerks, All Other",37030,43-3099,43-3099,"Financial Clerks, All Other",False
43-4011,Brokerage Clerks,40090,43-4011,43-4011,Brokerage Clerks,False
43-4021,Correspondence Clerks,6260,43-4021,43-4021,Correspondence Clerks,False
43-4031,"Court, Municipal, and License Clerks",170010,43-4031,43-4031,"Court, Municipal, and License Clerks",False
43-4041,"Credit Authorizers, Checkers, and Clerks",11960,43-4041,43-4041,"Credit Authorizers, Checkers, and Clerks",False
43-4051,Customer Service Representatives,2725930,43-4051,43-4051,Customer Service Representatives,False
43-4061,"Eligibility Interviewers, Government Programs",156260,43-4061,43-4061,"Eligibility Interviewers, Government Programs",False
43-4071,File Clerks,78980,43-4071,43-4071,File Clerks,False
43-4081,"Hotel, Motel, and Resort Desk Clerks",261430,43-4081,43-4081,"Hotel, Motel, and Resort Desk Clerks",False
43-4111,"Interviewers, Except Eligibility and Loan",157310,43-4111,43-4111,"Interviewers, Except Eligibility and Loan",False
43-4121,"Library Assistants, Clerical",80070,43-4121,43-4121,"Library Assistants, Clerical",False
43-4131,Loan Interviewers and Clerks,173100,43-4131,43-4131,Loan Interviewers and Clerks,False
43-4141,New Accounts Clerks,38030,43-4141,43-4141,New Accounts Clerks,False
43-4151,Order Clerks,83420,43-4151,43-4151,Order Clerks,False
43-4161,"Human Resources Assistants, Except Payroll and Timekeeping",92580,43-4161,43-4161,"Human Resources Assistants, Except Payroll and Timekeeping",False
43-4171,Receptionists and Information Clerks,964530,43-4171,43-4171,Receptionists and Information Clerks,False
43-4181,Reservation and Transportation Ticket Agents and Travel Clerks,127440,43-4181,43-4181,Reservation and Transportation Ticket Agents and Travel Clerks,False
43-4199,"Information and Record Clerks, All Other",143910,43-4199,43-4199,"Information and Record Clerks, All Other",False
43-5011,Cargo and Freight Agents,97800,43-5011,43-5011,Cargo and Freight Agents,False
43-5021,Couriers and Messengers,71920,43-5021,43-5021,Couriers and Messengers,False
43-5031,Public Safety Telecommunicators,101140,43-5031,43-5031,"Police, Fire, and Ambulance Dispatchers",False
43-5032,"Dispatchers, Except Police, Fire, and Ambulance",211000,43-5032,43-5032,"Dispatchers, Except Police, Fire, and Ambulance",False
43-5041,"Meter Readers, Utilities",19620,43-5041,43-5041,"Meter Readers, Utilities",False
43-5051,Postal Service Clerks,78060,43-5051,43-5051,Postal Service Clerks,False
43-5052,Postal Service Mail Carriers,336040,43-5052,43-5052,Postal Service Mail Carriers,False
43-5053,"Postal Service Mail Sorters, Processors, and Processing Machine Operators",111930,43-5053,43-5053,"Postal Service Mail Sorters, Processors, and Processing Machine Operators",False
43-5061,"Production, Planning, and Expediting Clerks",385000,43-5061,43-5061,"Production, Planning, and Expediting Clerks",False
43-5071,"Shipping, Receiving, and Inventory Clerks",857630,43-5071,43-5071,"Shipping, Receiving, and Traffic Clerks",False
43-5111,"Weighers, Measurers, Checkers, and Samplers, Recordkeeping",49720,43-5111,43-5111,"Weighers, Measurers, Checkers, and Samplers, Recordkeeping",False
43-6011,Executive Secretaries and Executive Administrative Assistants,472770,43-6011,43-6011,Executive Secretaries and Executive Administrative Assistants,False
43-6012,Legal Secretaries and Administrative Assistants,154540,43-6012,43-6012,Legal Secretaries,False
43-6013,Medical Secretaries and Administrative Assistants,830760,43-6013,43-6013,Medical Secretaries,False
43-6014,"Secretaries and Administrative Assistants, Except Legal, Medical, and Executive",1737820,43-6014,43-6014,"Secretaries and Administrative Assistants, Except Legal, Medical, and Executive",False
43-9021,Data Entry Keyers,135280,43-9021,43-9021,Data Entry Keyers,False
43-9022,Word Processors and Typists,36030,43-9022,43-9022,Word Processors and Typists,False
43-9031,Desktop Publishers,4000,43-9031,43-9031,Desktop Publishers,False
43-9041,Insurance Claims and Policy Processing Clerks,229070,43-9041,43-9041,Insurance Claims and Policy Processing Clerks,False
43-9051,"Mail Clerks and Mail Machine Operators, Except Postal Service",62730,43-9051,43-9051,"Mail Clerks and Mail Machine Operators, Except Postal Service",False
43-9061,"Office Clerks, General",2510550,43-9061,43-9061,"Office Clerks, General",False
43-9071,"Office Machine Operators, Except Computer",24740,43-9071,43-9071,"Office Machine Operators, Except Computer",False
43-9081,Proofreaders and Copy Markers,5160,43-9081,43-9081,Proofreaders and Copy Markers,False
43-9111,Statistical Assistants,5900,43-9111,43-9111,Statistical Assistants,False
43-9199,"Office and Administrative Support Workers, All Other",195890,43-9199,43-9199,"Office and Administrative Support Workers, All Other",False
45-1011,"First-Line Supervisors of Farming, Fishing, and Forestry Workers",29530,45-1011,45-1011,"First-Line Supervisors of Farming, Fishing, and Forestry Workers",False
45-2011,Agricultural Inspectors,12090,45-2011,45-2011,Agricultural Inspectors,False
45-2021,Animal Breeders,1730,45-2021,45-2021,Animal Breeders,False
45-2041,"Graders and Sorters, Agricultural Products",26870,45-2041,45-2041,"Graders and Sorters, Agricultural Products",False
45-2091,Agricultural Equipment Operators,30940,45-2091,45-2091,Agricultural Equipment Operators,False
45-2092,"Farmworkers and Laborers, Crop, Nursery, and Greenhouse",261690,45-2092,45-2092,"Farmworkers and Laborers, Crop, Nursery, and Greenhouse",False
45-2093,"Farmworkers, Farm, Ranch, and Aquacultural Animals",35420,45-2093,45-2093,"Farmworkers, Farm, Ranch, and Aquacultural Animals",False
45-2099,"Agricultural Workers, All Other",4980,45-2099,45-2099,"Agricultural Workers, All Other",False
45-4011,Forest and Conservation Workers,5630,45-4011,45-4011,Forest and Conservation Workers,False
45-4021,Fallers,4110,45-4021,45-4021,Fallers,False
45-4022,Logging Equipment Operators,22520,45-4022,45-4022,Logging Equipment Operators,False
45-4023,Log Graders and Scalers,3310,45-4023,45-4023,Log Graders and Scalers,False
45-4029,"Logging Workers, All Other",2160,45-4029,45-4029,"Logging Workers, All Other",False
47-1011,First-Line Supervisors of Construction Trades and Extraction Workers,806080,47-1011,47-1011,First-Line Supervisors of Construction Trades and Extraction Workers,False
47-2011,Boilermakers,10170,47-2011,47-2011,Boilermakers,False
47-2021,Brickmasons and Blockmasons,53520,47-2021,47-2021,Brickmasons and Blockmasons,False
47-2022,Stonemasons,8750,47-2022,47-2022,Stonemasons,False
47-2031,Carpenters,697740,47-2031,47-2031,Carpenters,False
47-2041,Carpet Installers,14980,47-2041,47-2041,Carpet Installers,False
47-2042,"Floor Layers, Except Carpet, Wood, and Hard Tiles",24850,47-2042,47-2042,"Floor Layers, Except Carpet, Wood, and Hard Tiles",False
47-2043,Floor Sanders and Finishers,4140,47-2043,47-2043,Floor Sanders and Finishers,False
47-2044,Tile and Stone Setters,38740,47-2044,47-2044,Tile and Marble Setters,False
47-2051,Cement Masons and Concrete Finishers,205230,47-2051,47-2051,Cement Masons and Concrete Finishers,False
47-2053,Terrazzo Workers and Finishers,1450,47-2053,47-2053,Terrazzo Workers and Finishers,False
47-2061,Construction Laborers,1057660,47-2061,47-2061,Construction Laborers,False
47-2071,"Paving, Surfacing, and Tamping Equipment Operators",45680,47-2071,47-2071,"Paving, Surfacing, and Tamping Equipment Operators",False
47-2072,Pile Driver Operators,3040,47-2072,47-2072,Pile Driver Operators,False
47-2073,Operating Engineers and Other Construction Equipment Operators,469270,47-2073,47-2073,Operating Engineers and Other Construction Equipment Operators,False
47-2081,Drywall and Ceiling Tile Installers,82900,47-2081,47-2081,Drywall and Ceiling Tile Installers,False
47-2082,Tapers,12500,47-2082,47-2082,Tapers,False
47-2111,Electricians,742580,47-2111,47-2111,Electricians,False
47-2121,Glaziers,57000,47-2121,47-2121,Glaziers,False
47-2131,"Insulation Workers, Floor, Ceiling, and Wall",38610,47-2131,47-2131,"Insulation Workers, Floor, Ceiling, and Wall",False
47-2132,"Insulation Workers, Mechanical",25640,47-2132,47-2132,"Insulation Workers, Mechanical",False
47-2141,"Painters, Construction and Maintenance",224180,47-2141,47-2141,"Painters, Construction and Maintenance",False
47-2142,Paperhangers,1520,47-2142,47-2142,Paperhangers,False
47-2151,Pipelayers,33580,47-2151,47-2151,Pipelayers,False
47-2152,"Plumbers, Pipefitters, and Steamfitters",455940,47-2152,47-2152,"Plumbers, Pipefitters, and Steamfitters",False
47-2161,Plasterers and Stucco Masons,20880,47-2161,47-2161,Plasterers and Stucco Masons,False
47-2171,Reinforcing Iron and Rebar Workers,14140,47-2171,47-2171,Reinforcing Iron and Rebar Workers,False
47-2181,Roofers,136740,47-2181,47-2181,Roofers,False
47-2211,Sheet Metal Workers,117470,47-2211,47-2211,Sheet Metal Workers,False
47-2221,Structural Iron and Steel Workers,64720,47-2221,47-2221,Structural Iron and Steel Workers,False
47-2231,Solar Photovoltaic Installers,28280,47-2231,47-2231,Solar Photovoltaic Installers,False
47-3011,"Helpers--Brickmasons, Blockmasons, Stonemasons, and Tile and Marble Setters",15660,47-3011,47-3011,"Helpers--Brickmasons, Blockmasons, Stonemasons, and Tile and Marble Setters",False
47-3012,Helpers--Carpenters,24610,47-3012,47-3012,Helpers--Carpenters,False
47-3013,Helpers--Electricians,64440,47-3013,47-3013,Helpers--Electricians,False
47-3014,"Helpers--Painters, Paperhangers, Plasterers, and Stucco Masons",7220,47-3014,47-3014,"Helpers--Painters, Paperhangers, Plasterers, and Stucco Masons",False
47-3015,"Helpers--Pipelayers, Plumbers, Pipefitters, and Steamfitters",43640,47-3015,47-3015,"Helpers--Pipelayers, Plumbers, Pipefitters, and Steamfitters",False
47-3016,Helpers--Roofers,5170,47-3016,47-3016,Helpers--Roofers,False
47-3019,"Helpers, Construction Trades, All Other",25510,47-3019,47-3019,"Helpers, Construction Trades, All Other",False
47-4011,Construction and Building Inspectors,137210,47-4011,47-4011,Construction and Building Inspectors,False
47-4021,Elevator and Escalator Installers and Repairers,23340,47-4021,47-4021,Elevator Installers and Repairers,False
47-4031,Fence Erectors,22640,47-4031,47-4031,Fence Erectors,False
47-4041,Hazardous Materials Removal Workers,50570,47-4041,47-4041,Hazardous Materials Removal Workers,False
47-4051,Highway Maintenance Workers,151750,47-4051,47-4051,Highway Maintenance Workers,False
47-4061,Rail-Track Laying and Maintenance Equipment Operators,16480,47-4061,47-4061,Rail-Track Laying and Maintenance Equipment Operators,False
47-4071,Septic Tank Servicers and Sewer Pipe Cleaners,29050,47-4071,47-4071,Septic Tank Servicers and Sewer Pipe Cleaners,False
47-4090,Miscellaneous Construction and Related Workers,33530,,,,True
47-5011,"Derrick Operators, Oil and Gas",11040,47-5011,47-5011,"Derrick Operators, Oil and Gas",False
47-5012,"Rotary Drill Operators, Oil and Gas",13090,47-5012,47-5012,"Rotary Drill Operators, Oil and Gas",False
47-5013,"Service Unit Operators, Oil and Gas",44120,47-5013,47-5013,"Service Unit Operators, Oil, Gas, and Mining",False
47-5022,"Excavating and Loading Machine and Dragline Operators, Surface Mining",34210,47-5022,53-7032,Excavating and Loading Machine and Dragline Operators (#),False
47-5023,"Earth Drillers, Except Oil and Gas",17410,47-5023,47-5021,"Earth Drillers, Except Oil and Gas (#)",False
47-5032,"Explosives Workers, Ordnance Handling Experts, and Blasters",5680,47-5032,47-5021;47-5031,"Earth Drillers, Except Oil and Gas (#); Explosives Workers, Ordnance Handling Experts, and Blasters",False
47-5041,Continuous Mining Machine Operators,14340,47-5041,47-5041,Continuous Mining Machine Operators,False
47-5043,"Roof Bolters, Mining",2230,47-5043,47-5061,"Roof Bolters, Mining",False
47-5044,"Loading and Moving Machine Operators, Underground Mining",6130,47-5044,53-7033;53-7111,"Loading Machine Operators, Underground Mining; Mine Shuttle Car Operators",False
47-5049,"Underground Mining Machine Operators, All Other",3480,47-5049,47-5042;47-5049,"Mine Cutting and Channeling Machine Operators; Mining Machine Operators, All Other (#)",False
47-5051,"Rock Splitters, Quarry",3080,47-5051,47-5051,"Rock Splitters, Quarry",False
47-5071,"Roustabouts, Oil and Gas",45330,47-5071,47-5071,"Roustabouts, Oil and Gas",False
47-5081,Helpers--Extraction Workers,6720,47-5081,47-5081,Helpers--Extraction Workers,False
47-5099,"Extraction Workers, All Other",6070,47-5099,47-5049;47-5099,"Extraction Workers, All Other; Mining Machine Operators, All Other (#)",False
49-1011,"First-Line Supervisors of Mechanics, Installers, and Repairers",600680,49-1011,49-1011,"First-Line Supervisors of Mechanics, Installers, and Repairers",False
49-2011,"Computer, Automated Teller, and Office Machine Repairers",73010,49-2011,49-2011,"Computer, Automated Teller, and Office Machine Repairers",False
49-2021,"Radio, Cellular, and Tower Equipment Installers and Repairers",11400,49-2021,49-2021,"Radio, Cellular, and Tower Equipment Installers and Repairers",False
49-2022,"Telecommunications Equipment Installers and Repairers, Except Line Installers",153890,49-2022,49-2022,"Telecommunications Equipment Installers and Repairers, Except Line Installers",False
49-2091,Avionics Technicians,20900,49-2091,49-2091,Avionics Technicians,False
49-2092,"Electric Motor, Power Tool, and Related Repairers",16570,49-2092,49-2092,"Electric Motor, Power Tool, and Related Repairers",False
49-2093,"Electrical and Electronics Installers and Repairers, Transportation Equipment",7310,49-2093,49-2093,"Electrical and Electronics Installers and Repairers, Transportation Equipment",False
49-2094,"Electrical and Electronics Repairers, Commercial and Industrial Equipment",59990,49-2094,49-2094,"Electrical and Electronics Repairers, Commercial and Industrial Equipment",False
49-2095,"Electrical and Electronics Repairers, Powerhouse, Substation, and Relay",23040,49-2095,49-2095,"Electrical and Electronics Repairers, Powerhouse, Substation, and Relay",False
49-2096,"Electronic Equipment Installers and Repairers, Motor Vehicles",10140,49-2096,49-2096,"Electronic Equipment Installers and Repairers, Motor Vehicles",False
49-2097,Audiovisual Equipment Installers and Repairers,22170,49-2097,49-2097,Electronic Home Entertainment Equipment Installers and Repairers,False
49-2098,Security and Fire Alarm Systems Installers,81510,49-2098,49-2098,Security and Fire Alarm Systems Installers,False
49-3011,Aircraft Mechanics and Service Technicians,136390,49-3011,49-3011,Aircraft Mechanics and Service Technicians,False
49-3021,Automotive Body and Related Repairers,155220,49-3021,49-3021,Automotive Body and Related Repairers,False
49-3022,Automotive Glass Installers and Repairers,18940,49-3022,49-3022,Automotive Glass Installers and Repairers,False
49-3023,Automotive Service Technicians and Mechanics,688840,49-3023,49-3023,Automotive Service Technicians and Mechanics,False
49-3031,Bus and Truck Mechanics and Diesel Engine Specialists,287230,49-3031,49-3031,Bus and Truck Mechanics and Diesel Engine Specialists,False
49-3041,Farm Equipment Mechanics and Service Technicians,36880,49-3041,49-3041,Farm Equipment Mechanics and Service Technicians,False
49-3042,"Mobile Heavy Equipment Mechanics, Except Engines",180270,49-3042,49-3042,"Mobile Heavy Equipment Mechanics, Except Engines",False
49-3043,Rail Car Repairers,18300,49-3043,49-3043,Rail Car Repairers,False
49-3051,Motorboat Mechanics and Service Technicians,24250,49-3051,49-3051,Motorboat Mechanics and Service Technicians,False
49-3052,Motorcycle Mechanics,14010,49-3052,49-3052,Motorcycle Mechanics,False
49-3053,Outdoor Power Equipment and Other Small Engine Mechanics,34240,49-3053,49-3053,Outdoor Power Equipment and Other Small Engine Mechanics,False
49-3091,Bicycle Repairers,12590,49-3091,49-3091,Bicycle Repairers,False
49-3092,Recreational Vehicle Service Technicians,18710,49-3092,49-3092,Recreational Vehicle Service Technicians,False
49-3093,Tire Repairers and Changers,106620,49-3093,49-3093,Tire Repairers and Changers,False
49-9011,Mechanical Door Repairers,27970,49-9011,49-9011,Mechanical Door Repairers,False
49-9012,"Control and Valve Installers and Repairers, Except Mechanical Door",46920,49-9012,49-9012,"Control and Valve Installers and Repairers, Except Mechanical Door",False
49-9021,"Heating, Air Conditioning, and Refrigeration Mechanics and Installers",396870,49-9021,49-9021,"Heating, Air Conditioning, and Refrigeration Mechanics and Installers",False
49-9031,Home Appliance Repairers,31940,49-9031,49-9031,Home Appliance Repairers,False
49-9041,Industrial Machinery Mechanics,421940,49-9041,49-9041,Industrial Machinery Mechanics,False
49-9043,"Maintenance Workers, Machinery",56540,49-9043,49-9043,"Maintenance Workers, Machinery",False
49-9044,Millwrights,40660,49-9044,49-9044,Millwrights,False
49-9045,"Refractory Materials Repairers, Except Brickmasons",1100,49-9045,49-9045,"Refractory Materials Repairers, Except Brickmasons",False
49-9051,Electrical Power-Line Installers and Repairers,123680,49-9051,49-9051,Electrical Power-Line Installers and Repairers,False
49-9052,Telecommunications Line Installers and Repairers,98360,49-9052,49-9052,Telecommunications Line Installers and Repairers,False
49-9061,Camera and Photographic Equipment Repairers,2010,49-9061,49-9061,Camera and Photographic Equipment Repairers,False
49-9062,Medical Equipment Repairers,60830,49-9062,49-9062,Medical Equipment Repairers,False
49-9063,Musical Instrument Repairers and Tuners,5730,49-9063,49-9063,Musical Instrument Repairers and Tuners,False
49-9064,Watch and Clock Repairers,1300,49-9064,49-9064,Watch Repairers,False
49-9069,"Precision Instrument and Equipment Repairers, All Other",9680,49-9069,49-9069,"Precision Instrument and Equipment Repairers, All Other",False
49-9071,"Maintenance and Repair Workers, General",1531700,49-9071,49-9071,"Maintenance and Repair Workers, General",False
49-9081,Wind Turbine Service Technicians,11220,49-9081,49-9081,Wind Turbine Service Technicians,False
49-9091,"Coin, Vending, and Amusement Machine Servicers and Repairers",28260,49-9091,49-9091,"Coin, Vending, and Amusement Machine Servicers and Repairers",False
49-9092,Commercial Divers,3430,49-9092,49-9092,Commercial Divers,False
49-9094,Locksmiths and Safe Repairers,15550,49-9094,49-9094,Locksmiths and Safe Repairers,False
49-9095,Manufactured Building and Mobile Home Installers,2610,49-9095,49-9095,Manufactured Building and Mobile Home Installers,False
49-9096,Riggers,24190,49-9096,49-9096,Riggers,False
49-9097,Signal and Track Switch Repairers,8210,49-9097,49-9097,Signal and Track Switch Repairers,False
49-9098,"Helpers--Installation, Maintenance, and Repair Workers",97540,49-9098,49-9098,"Helpers--Installation, Maintenance, and Repair Workers",False
49-9099,"Installation, Maintenance, and Repair Workers, All Other",183690,49-9099,49-9093;49-9099,"Fabric Menders, Except Garment; Installation, Maintenance, and Repair Workers, All Other",False
51-1011,First-Line Supervisors of Production and Operating Workers,685140,51-1011,51-1011,First-Line Supervisors of Production and Operating Workers,False
51-2011,"Aircraft Structure, Surfaces, Rigging, and Systems Assemblers",32890,51-2011,51-2011,"Aircraft Structure, Surfaces, Rigging, and Systems Assemblers",False
51-2021,"Coil Winders, Tapers, and Finishers",12170,51-2021,51-2021,"Coil Winders, Tapers, and Finishers",False
51-2028,"Electrical, Electronic, and Electromechanical Assemblers, Except Coil Winders, Tapers, and Finishers",261140,,,,True
51-2031,Engine and Other Machine Assemblers,38420,51-2031,51-2031,Engine and Other Machine Assemblers,False
51-2041,Structural Metal Fabricators and Fitters,53380,51-2041,51-2041,Structural Metal Fabricators and Fitters,False
51-2051,Fiberglass Laminators and Fabricators,18520,51-2051,51-2091,Fiberglass Laminators and Fabricators,False
51-2061,Timing Device Assemblers and Adjusters,230,51-2061,51-2093,Timing Device Assemblers and Adjusters,False
51-2090,Miscellaneous Assemblers and Fabricators,1457800,,,,True
51-3011,Bakers,231890,51-3011,51-3011,Bakers,False
51-3021,Butchers and Meat Cutters,140040,51-3021,51-3021,Butchers and Meat Cutters,False
51-3022,"Meat, Poultry, and Fish Cutters and Trimmers",141090,51-3022,51-3022,"Meat, Poultry, and Fish Cutters and Trimmers",False
51-3023,Slaughterers and Meat Packers,67500,51-3023,51-3023,Slaughterers and Meat Packers,False
51-3091,"Food and Tobacco Roasting, Baking, and Drying Machine Operators and Tenders",19500,51-3091,51-3091,"Food and Tobacco Roasting, Baking, and Drying Machine Operators and Tenders",False
51-3092,Food Batchmakers,171660,51-3092,51-3092,Food Batchmakers,False
51-3093,Food Cooking Machine Operators and Tenders,27660,51-3093,51-3093,Food Cooking Machine Operators and Tenders,False
51-3099,"Food Processing Workers, All Other",57920,51-3099,51-3099,"Food Processing Workers, All Other",False
51-4021,"Extruding and Drawing Machine Setters, Operators, and Tenders, Metal and Plastic",65700,51-4021,51-4021,"Extruding and Drawing Machine Setters, Operators, and Tenders, Metal and Plastic",False
51-4022,"Forging Machine Setters, Operators, and Tenders, Metal and Plastic",8760,51-4022,51-4022,"Forging Machine Setters, Operators, and Tenders, Metal and Plastic",False
51-4023,"Rolling Machine Setters, Operators, and Tenders, Metal and Plastic",22350,51-4023,51-4023,"Rolling Machine Setters, Operators, and Tenders, Metal and Plastic",False
51-4031,"Cutting, Punching, and Press Machine Setters, Operators, and Tenders, Metal and Plastic",174430,51-4031,51-4031,"Cutting, Punching, and Press Machine Setters, Operators, and Tenders, Metal and Plastic",False
51-4032,"Drilling and Boring Machine Tool Setters, Operators, and Tenders, Metal and Plastic",5310,51-4032,51-4032,"Drilling and Boring Machine Tool Setters, Operators, and Tenders, Metal and Plastic",False
51-4033,"Grinding, Lapping, Polishing, and Buffing Machine Tool Setters, Operators, and Tenders, Metal and Plastic",70110,51-4033,51-4033,"Grinding, Lapping, Polishing, and Buffing Machine Tool Setters, Operators, and Tenders, Metal and Plastic",False
51-4034,"Lathe and Turning Machine Tool Setters, Operators, and Tenders, Metal and Plastic",18970,51-4034,51-4034,"Lathe and Turning Machine Tool Setters, Operators, and Tenders, Metal and Plastic",False
51-4035,"Milling and Planing Machine Setters, Operators, and Tenders, Metal and Plastic",13810,51-4035,51-4035,"Milling and Planing Machine Setters, Operators, and Tenders, Metal and Plastic",False
51-4041,Machinists,298790,51-4041,51-4041,Machinists,False
51-4051,Metal-Refining Furnace Operators and Tenders,20330,51-4051,51-4051,Metal-Refining Furnace Operators and Tenders,False
51-4052,"Pourers and Casters, Metal",5830,51-4052,51-4052,"Pourers and Casters, Metal",False
51-4061,"Model Makers, Metal and Plastic",3230,51-4061,51-4061,"Model Makers, Metal and Plastic",False
51-4062,"Patternmakers, Metal and Plastic",1570,51-4062,51-4062,"Patternmakers, Metal and Plastic",False
51-4071,Foundry Mold and Coremakers,12720,51-4071,51-4071,Foundry Mold and Coremakers,False
51-4072,"Molding, Coremaking, and Casting Machine Setters, Operators, and Tenders, Metal and Plastic",154820,51-4072,51-4072,"Molding, Coremaking, and Casting Machine Setters, Operators, and Tenders, Metal and Plastic",False
51-4081,"Multiple Machine Tool Setters, Operators, and Tenders, Metal and Plastic",129850,51-4081,51-4081,"Multiple Machine Tool Setters, Operators, and Tenders, Metal and Plastic",False
51-4111,Tool and Die Makers,55130,51-4111,51-4111,Tool and Die Makers,False
51-4121,"Welders, Cutters, Solderers, and Brazers",424040,51-4121,51-4121,"Welders, Cutters, Solderers, and Brazers",False
51-4122,"Welding, Soldering, and Brazing Machine Setters, Operators, and Tenders",36290,51-4122,51-4122,"Welding, Soldering, and Brazing Machine Setters, Operators, and Tenders",False
51-4191,"Heat Treating Equipment Setters, Operators, and Tenders, Metal and Plastic",14590,51-4191,51-4191,"Heat Treating Equipment Setters, Operators, and Tenders, Metal and Plastic",False
51-4192,"Layout Workers, Metal and Plastic",5610,51-4192,51-4192,"Layout Workers, Metal and Plastic",False
51-4193,"Plating Machine Setters, Operators, and Tenders, Metal and Plastic",31510,51-4193,51-4193,"Plating and Coating Machine Setters, Operators, and Tenders, Metal and Plastic",False
51-4194,"Tool Grinders, Filers, and Sharpeners",5730,51-4194,51-4194,"Tool Grinders, Filers, and Sharpeners",False
51-4199,"Metal Workers and Plastic Workers, All Other",20270,51-4199,51-4199,"Metal Workers and Plastic Workers, All Other",False
51-5111,Prepress Technicians and Workers,23070,51-5111,51-5111,Prepress Technicians and Workers,False
51-5112,Printing Press Operators,145110,51-5112,51-5112,Printing Press Operators,False
51-5113,Print Binding and Finishing Workers,36470,51-5113,51-5113,Print Binding and Finishing Workers,False
51-6011,Laundry and Dry-Cleaning Workers,195360,51-6011,51-6011,Laundry and Dry-Cleaning Workers,False
51-6021,"Pressers, Textile, Garment, and Related Materials",26830,51-6021,51-6021,"Pressers, Textile, Garment, and Related Materials",False
51-6031,Sewing Machine Operators,109590,51-6031,51-6031,Sewing Machine Operators,False
51-6041,Shoe and Leather Workers and Repairers,7640,51-6041,51-6041,Shoe and Leather Workers and Repairers,False
51-6042,Shoe Machine Operators and Tenders,3270,51-6042,51-6042,Shoe Machine Operators and Tenders,False
51-6051,"Sewers, Hand",2240,51-6051,51-6051,"Sewers, Hand",False
51-6052,"Tailors, Dressmakers, and Custom Sewers",16290,51-6052,51-6052,"Tailors, Dressmakers, and Custom Sewers",False
51-6061,Textile Bleaching and Dyeing Machine Operators and Tenders,5820,51-6061,51-6061,Textile Bleaching and Dyeing Machine Operators and Tenders,False
51-6062,"Textile Cutting Machine Setters, Operators, and Tenders",8960,51-6062,51-6062,"Textile Cutting Machine Setters, Operators, and Tenders",False
51-6063,"Textile Knitting and Weaving Machine Setters, Operators, and Tenders",14530,51-6063,51-6063,"Textile Knitting and Weaving Machine Setters, Operators, and Tenders",False
51-6064,"Textile Winding, Twisting, and Drawing Out Machine Setters, Operators, and Tenders",20600,51-6064,51-6064,"Textile Winding, Twisting, and Drawing Out Machine Setters, Operators, and Tenders",False
51-6091,"Extruding and Forming Machine Setters, Operators, and Tenders, Synthetic and Glass Fibers",14900,51-6091,51-6091,"Extruding and Forming Machine Setters, Operators, and Tenders, Synthetic and Glass Fibers",False
51-6092,Fabric and Apparel Patternmakers,2860,51-6092,51-6092,Fabric and Apparel Patternmakers,False
51-6093,Upholsterers,20990,51-6093,51-6093,Upholsterers,False
51-6099,"Textile, Apparel, and Furnishings Workers, All Other",14450,51-6099,51-6099,"Textile, Apparel, and Furnishings Workers, All Other",False
51-7011,Cabinetmakers and Bench Carpenters,79540,51-7011,51-7011,Cabinetmakers and Bench Carpenters,False
51-7021,Furniture Finishers,14230,51-7021,51-7021,Furniture Finishers,False
51-7031,"Model Makers, Wood",360,51-7031,51-7031,"Model Makers, Wood",False
51-7032,"Patternmakers, Wood",180,51-7032,51-7032,"Patternmakers, Wood",False
51-7041,"Sawing Machine Setters, Operators, and Tenders, Wood",43140,51-7041,51-7041,"Sawing Machine Setters, Operators, and Tenders, Wood",False
51-7042,"Woodworking Machine Setters, Operators, and Tenders, Except Sawing",63350,51-7042,51-7042,"Woodworking Machine Setters, Operators, and Tenders, Except Sawing",False
51-7099,"Woodworkers, All Other",6590,51-7099,51-7099,"Woodworkers, All Other",False
51-8011,Nuclear Power Reactor Operators,5720,51-8011,51-8011,Nuclear Power Reactor Operators,False
51-8012,Power Distributors and Dispatchers,9180,51-8012,51-8012,Power Distributors and Dispatchers,False
51-8013,Power Plant Operators,30720,51-8013,51-8013,Power Plant Operators,False
51-8021,Stationary Engineers and Boiler Operators,30780,51-8021,51-8021,Stationary Engineers and Boiler Operators,False
51-8031,Water and Wastewater Treatment Plant and System Operators,126750,51-8031,51-8031,Water and Wastewater Treatment Plant and System Operators,False
51-8091,Chemical Plant and System Operators,17840,51-8091,51-8091,Chemical Plant and System Operators,False
51-8092,Gas Plant Operators,15910,51-8092,51-8092,Gas Plant Operators,False
51-8093,"Petroleum Pump System Operators, Refinery Operators, and Gaugers",34860,51-8093,51-8093,"Petroleum Pump System Operators, Refinery Operators, and Gaugers",False
51-8099,"Plant and System Operators, All Other",15950,51-8099,51-8099,"Plant and System Operators, All Other",False
51-9011,Chemical Equipment Operators and Tenders,127410,51-9011,51-9011,Chemical Equipment Operators and Tenders,False
51-9012,"Separating, Filtering, Clarifying, Precipitating, and Still Machine Setters, Operators, and Tenders",54200,51-9012,51-9012,"Separating, Filtering, Clarifying, Precipitating, and Still Machine Setters, Operators, and Tenders",False
51-9021,"Crushing, Grinding, and Polishing Machine Setters, Operators, and Tenders",28550,51-9021,51-9021,"Crushing, Grinding, and Polishing Machine Setters, Operators, and Tenders",False
51-9022,"Grinding and Polishing Workers, Hand",11850,51-9022,51-9022,"Grinding and Polishing Workers, Hand",False
51-9023,"Mixing and Blending Machine Setters, Operators, and Tenders",100840,51-9023,51-9023,"Mixing and Blending Machine Setters, Operators, and Tenders",False
51-9031,"Cutters and Trimmers, Hand",7070,51-9031,51-9031,"Cutters and Trimmers, Hand",False
51-9032,"Cutting and Slicing Machine Setters, Operators, and Tenders",47540,51-9032,51-9032,"Cutting and Slicing Machine Setters, Operators, and Tenders",False
51-9041,"Extruding, Forming, Pressing, and Compacting Machine Setters, Operators, and Tenders",57310,51-9041,51-9041,"Extruding, Forming, Pressing, and Compacting Machine Setters, Operators, and Tenders",False
51-9051,"Furnace, Kiln, Oven, Drier, and Kettle Operators and Tenders",16160,51-9051,51-9051,"Furnace, Kiln, Oven, Drier, and Kettle Operators and Tenders",False
51-9061,"Inspectors, Testers, Sorters, Samplers, and Weighers",591180,51-9061,51-9061,"Inspectors, Testers, Sorters, Samplers, and Weighers",False
51-9071,Jewelers and Precious Stone and Metal Workers,23420,51-9071,51-9071,Jewelers and Precious Stone and Metal Workers,False
51-9081,Dental Laboratory Technicians,33920,51-9081,51-9081,Dental Laboratory Technicians,False
51-9082,Medical Appliance Technicians,11490,51-9082,51-9082,Medical Appliance Technicians,False
51-9083,Ophthalmic Laboratory Technicians,18740,51-9083,51-9083,Ophthalmic Laboratory Technicians,False
51-9111,Packaging and Filling Machine Operators and Tenders,383860,51-9111,51-9111,Packaging and Filling Machine Operators and Tenders,False
51-9123,"Painting, Coating, and Decorating Workers",8470,51-9123,51-9123,"Painting, Coating, and Decorating Workers",False
51-9124,"Coating, Painting, and Spraying Machine Setters, Operators, and Tenders",159500,51-9124,51-9121;51-9122,"Coating, Painting, and Spraying Machine Setters, Operators, and Tenders; Painters, Transportation Equipment",False
51-9141,Semiconductor Processing Technicians,32150,51-9141,51-9141,Semiconductor Processors,False
51-9151,Photographic Process Workers and Processing Machine Operators,5550,51-9151,51-9151,Photographic Process Workers and Processing Machine Operators,False
51-9161,Computer Numerically Controlled Tool Operators,176950,51-9161,51-4011;51-9199,"Computer-Controlled Machine Tool Operators, Metal and Plastic; Production Workers, All Other (#)",False
51-9162,Computer Numerically Controlled Tool Programmers,28230,51-9162,51-4012;51-9199,"Computer Numerically Controlled Machine Tool Programmers, Metal and Plastic; Production Workers, All Other (#)",False
51-9191,Adhesive Bonding Machine Operators and Tenders,12170,51-9191,51-9191,Adhesive Bonding Machine Operators and Tenders,False
51-9192,"Cleaning, Washing, and Metal Pickling Equipment Operators and Tenders",13890,51-9192,51-9192,"Cleaning, Washing, and Metal Pickling Equipment Operators and Tenders",False
51-9193,Cooling and Freezing Equipment Operators and Tenders,6590,51-9193,51-9193,Cooling and Freezing Equipment Operators and Tenders,False
51-9194,Etchers and Engravers,8390,51-9194,51-9194,Etchers and Engravers,False
51-9195,"Molders, Shapers, and Casters, Except Metal and Plastic",34750,51-9195,51-9195,"Molders, Shapers, and Casters, Except Metal and Plastic",False
51-9196,"Paper Goods Machine Setters, Operators, and Tenders",96950,51-9196,51-9196,"Paper Goods Machine Setters, Operators, and Tenders",False
51-9197,Tire Builders,20970,51-9197,51-9197,Tire Builders,False
51-9198,Helpers--Production Workers,167490,51-9198,51-9198,Helpers--Production Workers,False
51-9199,"Production Workers, All Other",277060,51-9199,51-9199,"Production Workers, All Other (#)",False
53-1041,Aircraft Cargo Handling Supervisors,10160,53-1041,53-1011,Aircraft Cargo Handling Supervisors,False
53-1047,"First-Line Supervisors of Transportation and Material Moving Workers, Except Aircraft Cargo Handling Supervisors",605510,,,,True
53-2011,"Airline Pilots, Copilots, and Flight Engineers",99300,53-2011,53-2011,"Airline Pilots, Copilots, and Flight Engineers",False
53-2012,Commercial Pilots,51830,53-2012,53-2012,Commercial Pilots,False
53-2021,Air Traffic Controllers,22400,53-2021,53-2021,Air Traffic Controllers,False
53-2022,Airfield Operations Specialists,16640,53-2022,53-2022,Airfield Operations Specialists,False
53-2031,Flight Attendants,130110,53-2031,53-2031,Flight Attendants,False
53-3011,"Ambulance Drivers and Attendants, Except Emergency Medical Technicians",12080,53-3011,53-3011,"Ambulance Drivers and Attendants, Except Emergency Medical Technicians",False
53-3031,Driver/Sales Workers,417420,53-3031,53-3031,Driver/Sales Workers,False
53-3032,Heavy and Tractor-Trailer Truck Drivers,2070480,53-3032,53-3032,Heavy and Tractor-Trailer Truck Drivers,False
53-3033,Light Truck Drivers,994410,53-3033,53-3033,Light Truck or Delivery Services Drivers,False
53-3051,"Bus Drivers, School",387920,53-3051,53-3022,"Bus Drivers, School or Special Client (#)",False
53-3052,"Bus Drivers, Transit and Intercity",148980,53-3052,53-3021,"Bus Drivers, Transit and Intercity",False
53-3053,Shuttle Drivers and Chauffeurs,229630,53-3053,53-3022;53-3041,"Bus Drivers, School or Special Client (#); Taxi Drivers and Chauffeurs (#)",False
53-3054,Taxi Drivers,17510,53-3054,53-3041,Taxi Drivers and Chauffeurs (#),False
53-3099,"Motor Vehicle Operators, All Other",50330,53-3099,53-3099,"Motor Vehicle Operators, All Other",False
53-4011,Locomotive Engineers,31990,53-4011,53-4011,Locomotive Engineers,False
53-4013,"Rail Yard Engineers, Dinkey Operators, and Hostlers",3300,53-4013,53-4013,"Rail Yard Engineers, Dinkey Operators, and Hostlers",False
53-4022,"Railroad Brake, Signal, and Switch Operators and Locomotive Firers",12460,53-4022,53-4012;53-4021,"Locomotive Firers; Railroad Brake, Signal, and Switch Operators",False
53-4031,Railroad Conductors and Yardmasters,42710,53-4031,53-4031,Railroad Conductors and Yardmasters,False
53-4041,Subway and Streetcar Operators,9200,53-4041,53-4041,Subway and Streetcar Operators,False
53-4099,"Rail Transportation Workers, All Other",1520,53-4099,53-4099,"Rail Transportation Workers, All Other",False
53-5011,Sailors and Marine Oilers,31360,53-5011,53-5011,Sailors and Marine Oilers,False
53-5021,"Captains, Mates, and Pilots of Water Vessels",35390,53-5021,53-5021,"Captains, Mates, and Pilots of Water Vessels",False
53-5022,Motorboat Operators,2380,53-5022,53-5022,Motorboat Operators,False
53-5031,Ship Engineers,8580,53-5031,53-5031,Ship Engineers,False
53-6011,Bridge and Lock Tenders,2720,53-6011,53-6011,Bridge and Lock Tenders,False
53-6021,Parking Attendants,134650,53-6021,53-6021,Parking Lot Attendants,False
53-6031,Automotive and Watercraft Service Attendants,98270,53-6031,53-6031,Automotive and Watercraft Service Attendants,False
53-6032,Aircraft Service Attendants,27310,53-6032,53-6099,"Transportation Workers, All Other (#)",False
53-6041,Traffic Technicians,7580,53-6041,53-6041,Traffic Technicians,False
53-6051,Transportation Inspectors,23320,53-6051,53-6051,Transportation Inspectors,False
53-6061,Passenger Attendants,25340,53-6061,53-6061,"Transportation Attendants, Except Flight Attendants",False
53-6099,"Transportation Workers, All Other",10960,53-6099,53-6099,"Transportation Workers, All Other (#)",False
53-7011,Conveyor Operators and Tenders,26060,53-7011,53-7011,Conveyor Operators and Tenders,False
53-7021,Crane and Tower Operators,42000,53-7021,53-7021,Crane and Tower Operators,False
53-7031,Dredge Operators,1030,53-7031,53-7031,Dredge Operators,False
53-7041,Hoist and Winch Operators,2480,53-7041,53-7041,Hoist and Winch Operators,False
53-7051,Industrial Truck and Tractor Operators,805770,53-7051,53-7051,Industrial Truck and Tractor Operators,False
53-7061,Cleaners of Vehicles and Equipment,373960,53-7061,53-7061,Cleaners of Vehicles and Equipment,False
53-7062,"Laborers and Freight, Stock, and Material Movers, Hand",2982530,53-7062,53-7062,"Laborers and Freight, Stock, and Material Movers, Hand",False
53-7063,Machine Feeders and Offbearers,46690,53-7063,53-7063,Machine Feeders and Offbearers,False
53-7064,"Packers and Packagers, Hand",601440,53-7064,53-7064,"Packers and Packagers, Hand",False
53-7065,Stockers and Order Fillers,2779530,53-7065,43-5081,Stock Clerks and Order Fillers,False
53-7071,Gas Compressor and Gas Pumping Station Operators,5110,53-7071,53-7071,Gas Compressor and Gas Pumping Station Operators,False
53-7072,"Pump Operators, Except Wellhead Pumpers",12600,53-7072,53-7072,"Pump Operators, Except Wellhead Pumpers",False
53-7073,Wellhead Pumpers,17350,53-7073,53-7073,Wellhead Pumpers,False
53-7081,Refuse and Recyclable Material Collectors,139180,53-7081,53-7081,Refuse and Recyclable Material Collectors,False
53-7121,"Tank Car, Truck, and Ship Loaders",10920,53-7121,53-7121,"Tank Car, Truck, and Ship Loaders",False
53-7199,"Material Moving Workers, All Other",25190,53-7199,53-7032;53-7199,"Excavating and Loading Machine and Dragline Operators (#); Material Moving Workers, All Other",False
