OCC_CODE,OCC_TITLE,TOT_EMP,census_code
11-1011,Chief Executives,211850,0010
11-1021,General and Operations Managers,3584420,0020
11-1031,Legislators,26510,0030
11-2011,Advertising and Promotions Managers,21100,0040
11-2021,Marketing Managers,384980,0051
11-2022,Sales Managers,603710,0052
11-2032,Public Relations Managers,76060,0060
11-2033,Fundraising Managers,36920,0060
11-3012,Administrative Services Managers,254140,0101
11-3013,Facilities Managers,141090,0102
11-3021,Computer and Information Systems Managers,645970,0110
11-3031,Financial Managers,818620,0120
11-3051,Industrial Production Managers,234380,0140
11-3061,Purchasing Managers,81240,0150
11-3071,"Transportation, Storage, and Distribution Managers",213000,0160
11-3111,Compensation and Benefits Managers,20070,0135
11-3121,Human Resources Managers,215520,0136
11-3131,Training and Development Managers,44960,0137
11-9013,"Farmers, Ranchers, and Other Agricultural Managers",5910,0205
11-9021,Construction Managers,348330,0220
11-9031,"Education and Childcare Administrators, Preschool and Daycare",71620,0230
11-9032,"Education Administrators, Kindergarten through Secondary",319630,0230
11-9033,"Education Administrators, Postsecondary",176420,0230
11-9039,"Education Administrators, All Other",53330,0230
11-9041,Architectural and Engineering Managers,210340,0300
11-9051,Food Service Managers,244230,0310
11-9071,Gambling Managers,4620,0335
11-9072,"Entertainment and Recreation Managers, Except Gambling",36700,0335
11-9081,Lodging Managers,41350,0340
11-9111,Medical and Health Services Managers,565840,0350
11-9121,Natural Sciences Managers,100870,0360
11-9131,Postmasters and Mail Superintendents,13810,0400
11-9141,"Property, Real Estate, and Community Association Managers",296640,0410
11-9151,Social and Community Service Managers,195490,0420
11-9161,Emergency Management Directors,12570,0425
11-9171,Funeral Home Managers,13120,0325
11-9179,"Personal Service Managers, All Other",10490,0426
11-9199,"Managers, All Other",630980,0440
13-1011,"Agents and Business Managers of Artists, Performers, and Athletes",14220,0500
13-1020,Buyers and Purchasing Agents,486900,
13-1031,"Claims Adjusters, Examiners, and Investigators",305020,0540
13-1032,"Insurance Appraisers, Auto Damage",7790,0540
13-1041,Compliance Officers,397770,0565
13-1051,Cost Estimators,219530,0600
13-1071,Human Resources Specialists,917460,0630
13-1074,Farm Labor Contractors,410,0630
13-1075,Labor Relations Specialists,64590,0630
13-1081,Logisticians,235640,0700
13-1082,Project Management Specialists,1006160,0705
13-1111,Management Analysts,893900,0710
13-1121,"Meeting, Convention, and Event Planners",134670,0725
13-1131,Fundraisers,105930,0726
13-1141,"Compensation, Benefits, and Job Analysis Specialists",102370,0640
13-1151,Training and Development Specialists,436610,0650
13-1161,Market Research Analysts and Marketing Specialists,861140,0735
13-1199,"Business Operations Specialists, All Other",1128200,0750
13-2011,Accountants and Auditors,1448290,0800
13-2020,Property Appraisers and Assessors,59070,0810
13-2031,Budget Analysts,47170,0820
13-2041,Credit Analysts,67370,0830
13-2051,Financial and Investment Analysts,340580,0845
13-2052,Personal Financial Advisors,270480,0850
13-2053,Insurance Underwriters,107820,0860
13-2054,Financial Risk Specialists,56320,0960
13-2061,Financial Examiners,62830,0900
13-2071,Credit Counselors,28110,0960
13-2072,Loan Officers,290530,0960
13-2081,"Tax Examiners and Collectors, and Revenue Agents",53530,0930
13-2082,Tax Preparers,73570,0940
13-2099,"Financial Specialists, All Other",127450,0960
15-1211,Computer Systems Analysts,497800,1006
15-1212,Information Security Analysts,179430,1007
15-1221,Computer and Information Research Scientists,38480,1005
15-1231,Computer Network Support Specialists,146450,1050
15-1232,Computer User Support Specialists,697210,1050
15-1241,Computer Network Architects,177010,1106
15-1242,Database Administrators,73180,1065
15-1243,Database Architects,64770,1065
15-1244,Network and Computer Systems Administrators,318570,1105
15-1251,Computer Programmers,109870,1010
15-1252,Software Developers,1654440,1021
15-1253,Software Quality Assurance Analysts and Testers,199800,1022
15-1254,Web Developers,78860,1031
15-1255,Web and Digital Interface Designers,111400,1032
15-1299,"Computer Occupations, All Other",439380,1108
15-2011,Actuaries,28340,1200
15-2021,Mathematicians,2220,1210
15-2031,Operations Research Analysts,107760,1220
15-2041,Statisticians,29800,1230
15-2051,Data Scientists,233440,1240
15-2099,"Mathematical Science Occupations, All Other",4660,1240
17-1011,"Architects, Except Landscape and Naval",111140,1305
17-1012,Landscape Architects,19580,1306
17-1021,Cartographers and Photogrammetrists,12790,1310
17-1022,Surveyors,53080,1310
17-2011,Aerospace Engineers,68440,1320
17-2021,Agricultural Engineers,1680,1330
17-2031,Bioengineers and Biomedical Engineers,21860,1340
17-2041,Chemical Engineers,20330,1350
17-2051,Civil Engineers,355410,1360
17-2061,Computer Hardware Engineers,75710,1400
17-2071,Electrical Engineers,188790,1410
17-2072,"Electronics Engineers, Except Computer",93940,1410
17-2081,Environmental Engineers,37950,1420
17-2111,"Health and Safety Engineers, Except Mining Safety Engineers and Inspectors",23220,1430
17-2112,Industrial Engineers,350230,1430
17-2121,Marine Engineers and Naval Architects,8440,1440
17-2131,Materials Engineers,22770,1450
17-2141,Mechanical Engineers,286760,1460
17-2151,"Mining and Geological Engineers, Including Mining Safety Engineers",6770,1500
17-2161,Nuclear Engineers,14740,1510
17-2171,Petroleum Engineers,18970,1520
17-2199,"Engineers, All Other",150750,1530
17-3011,Architectural and Civil Drafters,109550,1541
17-3012,Electrical and Electronics Drafters,20020,1545
17-3013,Mechanical Drafters,39900,1545
17-3019,"Drafters, All Other",16010,1545
17-3021,Aerospace Engineering and Operations Technologists and Technicians,9060,1555
17-3022,Civil Engineering Technologists and Technicians,62130,1555
17-3023,Electrical and Electronic Engineering Technologists and Technicians,92710,1551
17-3024,Electro-Mechanical and Mechatronics Technologists and Technicians,14680,1555
17-3025,Environmental Engineering Technologists and Technicians,12500,1555
17-3026,Industrial Engineering Technologists and Technicians,73410,1555
17-3027,Mechanical Engineering Technologists and Technicians,37450,1555
17-3028,Calibration Technologists and Technicians,15320,1555
17-3029,"Engineering Technologists and Technicians, Except Drafters, All Other",64410,1555
17-3031,Surveying and Mapping Technicians,56720,1560
19-1011,Animal Scientists,2470,1600
19-1012,Food Scientists and Technologists,14370,1600
19-1013,Soil and Plant Scientists,16600,1600
19-1021,Biochemists and Biophysicists,34520,1610
19-1022,Microbiologists,19760,1610
19-1023,Zoologists and Wildlife Biologists,16920,1610
19-1029,"Biological Scientists, All Other",59710,1610
19-1031,Conservation Scientists,25590,1640
19-1032,Foresters,9650,1640
19-1041,Epidemiologists,11460,1650
19-1042,"Medical Scientists, Except Epidemiologists",156300,1650
19-1099,"Life Scientists, All Other",7320,1660
19-2011,Astronomers,1560,1700
19-2012,Physicists,21340,1700
19-2021,Atmospheric and Space Scientists,8780,1710
19-2031,Chemists,83250,1720
19-2032,Materials Scientists,8330,1720
19-2041,"Environmental Scientists and Specialists, Including Health",84930,1745
19-2042,"Geoscientists, Except Hydrologists and Geographers",22510,1750
19-2043,Hydrologists,5720,1750
19-2099,"Physical Scientists, All Other",22580,1760
19-3011,Economists,15880,1800
19-3022,Survey Researchers,7720,1815
19-3032,Industrial-Organizational Psychologists,1050,1825
19-3033,Clinical and Counseling Psychologists,72190,1821
19-3034,School Psychologists,63830,1822
19-3039,"Psychologists, All Other",17790,1825
19-3041,Sociologists,2950,1830
19-3051,Urban and Regional Planners,43040,1840
19-3091,Anthropologists and Archeologists,8070,1860
19-3092,Geographers,1380,1860
19-3093,Historians,3140,1860
19-3094,Political Scientists,5950,1860
19-3099,"Social Scientists and Related Workers, All Other",36970,1860
19-4012,Agricultural Technicians,14340,1970
19-4013,Food Science Technicians,14200,1970
19-4021,Biological Technicians,76190,1910
19-4031,Chemical Technicians,55640,1920
19-4042,"Environmental Science and Protection Technicians, Including Health",39390,1970
19-4043,"Geological Technicians, Except Hydrologic Technicians",9710,1970
19-4044,Hydrologic Technicians,2940,1970
19-4051,Nuclear Technicians,5990,1940
19-4061,Social Science Research Assistants,32940,1950
19-4071,Forest and Conservation Technicians,31080,1970
19-4092,Forensic Science Technicians,19450,1970
19-4099,"Life, Physical, and Social Science Technicians, All Other",71400,1970
19-5011,Occupational Health and Safety Specialists,128430,1980
19-5012,Occupational Health and Safety Technicians,31450,1980
21-1012,"Educational, Guidance, and Career Counselors and Advisors",342350,2002
21-1013,Marriage and Family Therapists,65870,2003
21-1015,Rehabilitation Counselors,88930,2005
21-1018,"Substance Abuse, Behavioral Disorder, and Mental Health Counselors",440380,
21-1019,"Counselors, All Other",33340,2006
21-1021,"Child, Family, and School Social Workers",382960,2011
21-1022,Healthcare Social Workers,185940,2012
21-1023,Mental Health and Substance Abuse Social Workers,125910,2013
21-1029,"Social Workers, All Other",64940,2014
21-1091,Health Education Specialists,65150,2025
21-1092,Probation Officers and Correctional Treatment Specialists,86820,2015
21-1093,Social and Human Service Assistants,424220,2016
21-1094,Community Health Workers,60730,2025
21-1099,"Community and Social Service Specialists, All Other",110390,2025
21-2011,Clergy,58080,2040
21-2021,"Directors, Religious Activities and Education",21460,2050
21-2099,"Religious Workers, All Other",12170,2060
23-1011,Lawyers,747750,2100
23-1012,Judicial Law Clerks,13220,2105
23-1021,"Administrative Law Judges, Adjudicators, and Hearing Officers",16230,2110
23-1022,"Arbitrators, Mediators, and Conciliators",7860,2110
23-1023,"Judges, Magistrate Judges, and Magistrates",25580,2110
23-2011,Paralegals and Legal Assistants,367220,2145
23-2093,"Title Examiners, Abstractors, and Searchers",48170,2170
23-2099,"Legal Support Workers, All Other",47380,2180
25-1011,"Business Teachers, Postsecondary",81780,
25-1021,"Computer Science Teachers, Postsecondary",36240,
25-1022,"Mathematical Science Teachers, Postsecondary",48820,
25-1031,"Architecture Teachers, Postsecondary",9120,
25-1032,"Engineering Teachers, Postsecondary",39910,
25-1041,"Agricultural Sciences Teachers, Postsecondary",8700,
25-1042,"Biological Science Teachers, Postsecondary",53250,
25-1043,"Forestry and Conservation Science Teachers, Postsecondary",1310,
25-1051,"Atmospheric, Earth, Marine, and Space Sciences Teachers, Postsecondary",11480,
25-1052,"Chemistry Teachers, Postsecondary",20390,
25-1053,"Environmental Science Teachers, Postsecondary",7130,
25-1054,"Physics Teachers, Postsecondary",13590,
25-1061,"Anthropology and Archeology Teachers, Postsecondary",5260,
25-1062,"Area, Ethnic, and Cultural Studies Teachers, Postsecondary",11430,
25-1063,"Economics Teachers, Postsecondary",12420,
25-1064,"Geography Teachers, Postsecondary",3290,
25-1065,"Political Science Teachers, Postsecondary",17170,
25-1066,"Psychology Teachers, Postsecondary",41610,
25-1067,"Sociology Teachers, Postsecondary",12380,
25-1069,"Social Sciences Teachers, Postsecondary, All Other",17540,
25-1071,"Health Specialties Teachers, Postsecondary",229720,
25-1072,"Nursing Instructors and Teachers, Postsecondary",74250,
25-1081,"Education Teachers, Postsecondary",59090,
25-1082,"Library Science Teachers, Postsecondary",4100,
25-1111,"Criminal Justice and Law Enforcement Teachers, Postsecondary",13560,
25-1112,"Law Teachers, Postsecondary",22800,
25-1113,"Social Work Teachers, Postsecondary",13350,
25-1121,"Art, Drama, and Music Teachers, Postsecondary",97890,
25-1122,"Communications Teachers, Postsecondary",29260,
25-1123,"English Language and Literature Teachers, Postsecondary",59590,
25-1124,"Foreign Language and Literature Teachers, Postsecondary",21170,
25-1125,"History Teachers, Postsecondary",19860,
25-1126,"Philosophy and Religion Teachers, Postsecondary",20840,
25-1192,"Family and Consumer Sciences Teachers, Postsecondary",2630,
25-1193,"Recreation and Fitness Studies Teachers, Postsecondary",12680,
25-1194,"Career/Technical Education Teachers, Postsecondary",111150,
25-1199,"Postsecondary Teachers, All Other",151530,
25-2011,"Preschool Teachers, Except Special Education",445080,2300
25-2012,"Kindergarten Teachers, Except Special Education",114410,2300
25-2021,"Elementary School Teachers, Except Special Education",1393310,2310
25-2022,"Middle School Teachers, Except Special and Career/Technical Education",620370,2310
25-2023,"Career/Technical Education Teachers, Middle School",14200,2310
25-2031,"Secondary School Teachers, Except Special and Career/Technical Education",1072540,2320
25-2032,"Career/Technical Education Teachers, Secondary School",104450,2320
25-2051,"Special Education Teachers, Preschool",28200,2330
25-2052,"Special Education Teachers, Kindergarten and Elementary School",231570,2330
25-2057,"Special Education Teachers, Middle School",95330,2330
25-2058,"Special Education Teachers, Secondary School",162780,2330
25-2059,"Special Education Teachers, All Other",39350,2330
25-3011,"Adult Basic Education, Adult Secondary Education, and English as a Second Language Instructors",36260,2360
25-3021,Self-Enrichment Teachers,308520,2360
25-3031,"Substitute Teachers, Short-Term",481300,2360
25-3041,Tutors,174660,2350
25-3099,"Teachers and Instructors, All Other",125010,2360
25-4011,Archivists,7050,2400
25-4012,Curators,12280,2400
25-4013,Museum Technicians and Conservators,13070,2400
25-4022,Librarians and Media Collections Specialists,131830,2435
25-4031,Library Technicians,73770,2440
25-9021,Farm and Home Management Educators,10260,2555
25-9031,Instructional Coordinators,210850,2555
25-9044,"Teaching Assistants, Postsecondary",155010,2555
25-9045,"Teaching Assistants, Except Postsecondary",1375300,2555
25-9099,"Educational Instruction and Library Workers, All Other",114640,2555
27-1011,Art Directors,50370,2600
27-1012,Craft Artists,4370,2600
27-1013,"Fine Artists, Including Painters, Sculptors, and Illustrators",10000,2600
27-1014,Special Effects Artists and Animators,21280,2600
27-1019,"Artists and Related Workers, All Other",7370,2600
27-1021,Commercial and Industrial Designers,30250,2631
27-1022,Fashion Designers,20910,2632
27-1023,Floral Designers,40160,2633
27-1024,Graphic Designers,214260,2634
27-1025,Interior Designers,69580,2635
27-1026,Merchandise Displayers and Window Trimmers,192480,2636
27-1027,Set and Exhibit Designers,10850,2640
27-1029,"Designers, All Other",9680,2640
27-2011,Actors,38800,2700
27-2012,Producers and Directors,145270,2710
27-2021,Athletes and Sports Competitors,14370,2721
27-2022,Coaches and Scouts,250940,2722
27-2023,"Umpires, Referees, and Other Sports Officials",15080,2723
27-2031,Dancers,9060,2740
27-2032,Choreographers,3430,2740
27-2041,Music Directors and Composers,12330,2751
27-2042,Musicians and Singers,38350,2752
27-2091,"Disc Jockeys, Except Radio",8170,2755
27-2099,"Entertainers and Performers, Sports and Related Workers, All Other",15040,2770
27-3011,Broadcast Announcers and Radio Disc Jockeys,23880,2805
27-3023,"News Analysts, Reporters, and Journalists",41550,2810
27-3031,Public Relations Specialists,280590,2825
27-3041,Editors,95480,2830
27-3042,Technical Writers,55530,2840
27-3043,Writers and Authors,47800,2850
27-3091,Interpreters and Translators,53360,2861
27-3092,Court Reporters and Simultaneous Captioners,12630,2862
27-3099,"Media and Communication Workers, All Other",23590,2865
27-4011,Audio and Video Technicians,70080,2905
27-4012,Broadcast Technicians,21080,2905
27-4014,Sound Engineering Technicians,13050,2905
27-4015,Lighting Technicians,10130,2905
27-4021,Photographers,51230,2910
27-4031,"Camera Operators, Television, Video, and Film",24460,2920
27-4032,Film and Video Editors,28860,2920
27-4099,"Media and Communication Equipment Workers, All Other",13020,2970
29-1011,Chiropractors,37630,3000
29-1021,"Dentists, General",113490,3010
29-1022,Oral and Maxillofacial Surgeons,5330,3010
29-1023,Orthodontists,5150,3010
29-1024,Prosthodontists,760,3010
29-1029,"Dentists, All Other Specialists",5900,3010
29-1031,Dietitians and Nutritionists,76570,3030
29-1041,Optometrists,41890,3040
29-1051,Pharmacists,328870,3050
29-1071,Physician Assistants,155540,3110
29-1081,Podiatrists,9520,3120
29-1122,Occupational Therapists,152280,3150
29-1123,Physical Therapists,248630,3160
29-1124,Radiation Therapists,18700,3200
29-1125,Recreational Therapists,15060,3210
29-1126,Respiratory Therapists,136420,3220
29-1127,Speech-Language Pathologists,178790,3230
29-1128,Exercise Physiologists,8110,3235
29-1129,"Therapists, All Other",19320,3245
29-1131,Veterinarians,80630,3250
29-1141,Registered Nurses,3282010,3255
29-1151,Nurse Anesthetists,50350,3256
29-1161,Nurse Midwives,8280,3257
29-1171,Nurse Practitioners,307390,3258
29-1181,Audiologists,14730,3140
29-1211,Anesthesiologists,41890,3090
29-1212,Cardiologists,18020,3090
29-1213,Dermatologists,10080,3090
29-1214,Emergency Medicine Physicians,33680,3065
29-1215,Family Medicine Physicians,107950,3090
29-1216,General Internal Medicine Physicians,66640,3090
29-1217,Neurologists,7700,3090
29-1218,Obstetricians and Gynecologists,19900,3090
29-1221,"Pediatricians, General",42960,3090
29-1222,"Physicians, Pathologists",11800,3090
29-1223,Psychiatrists,24800,3090
29-1224,Radiologists,26290,3070
29-1229,"Physicians, All Other",315360,3090
29-1241,"Ophthalmologists, Except Pediatric",12110,3090
29-1242,"Orthopedic Surgeons, Except Pediatric",14160,3090
29-1243,Pediatric Surgeons,1050,3090
29-1249,"Surgeons, All Other",24080,3090
29-1291,Acupuncturists,8440,3261
29-1292,Dental Hygienists,219070,3310
29-1299,"Healthcare Diagnosing or Treating Practitioners, All Other",30870,3270
29-2010,Clinical Laboratory Technologists and Technicians,343040,3300
29-2031,Cardiovascular Technologists and Technicians,61180,3321
29-2032,Diagnostic Medical Sonographers,86460,3322
29-2033,Nuclear Medicine Technologists,16960,3330
29-2034,Radiologic Technologists and Technicians,223460,3323
29-2035,Magnetic Resonance Imaging Technologists,41530,3324
29-2036,Medical Dosimetrists,3970,3330
29-2042,Emergency Medical Technicians,177980,3401
29-2043,Paramedics,99530,3402
29-2051,Dietetic Technicians,29950,3430
29-2052,Pharmacy Technicians,487920,3421
29-2053,Psychiatric Technicians,136300,3422
29-2055,Surgical Technologists,113890,3423
29-2056,Veterinary Technologists and Technicians,131320,3424
29-2057,Ophthalmic Medical Technicians,76520,3430
29-2061,Licensed Practical and Licensed Vocational Nurses,632430,3500
29-2072,Medical Records Specialists,187910,3515
29-2081,"Opticians, Dispensing",79690,3520
29-2091,Orthotists and Prosthetists,9930,3545
29-2092,Hearing Aid Specialists,10580,3545
29-2099,"Health Technologists and Technicians, All Other",174060,3545
29-9021,Health Information Technologists and Medical Registrars,37620,
29-9091,Athletic Trainers,28950,
29-9092,Genetic Counselors,3510,
29-9093,Surgical Assistants,22860,
29-9099,"Healthcare Practitioners and Technical Workers, All Other",36970,
31-1120,Home Health and Personal Care Aides,3988140,
31-1131,Nursing Assistants,1388430,3603
31-1132,Orderlies,53020,3605
31-1133,Psychiatric Aides,34900,3605
31-2011,Occupational Therapy Assistants,47910,3610
31-2012,Occupational Therapy Aides,5000,3610
31-2021,Physical Therapist Assistants,108010,3620
31-2022,Physical Therapist Aides,44010,3620
31-9011,Massage Therapists,96040,3630
31-9091,Dental Assistants,375430,3640
31-9092,Medical Assistants,793460,3645
31-9093,Medical Equipment Preparers,72760,3655
31-9094,Medical Transcriptionists,43070,3646
31-9095,Pharmacy Aides,41100,3647
31-9096,Veterinary Assistants and Laboratory Animal Caretakers,114190,3648
31-9097,Phlebotomists,138880,3649
31-9099,"Healthcare Support Workers, All Other",103650,3655
33-1011,First-Line Supervisors of Correctional Officers,53390,3700
33-1012,First-Line Supervisors of Police and Detectives,153130,3710
33-1021,First-Line Supervisors of Firefighting and Prevention Workers,93680,3720
33-1091,First-Line Supervisors of Security Workers,70310,3725
33-1099,"First-Line Supervisors of Protective Service Workers, All Other",20460,3735
33-2011,Firefighters,332240,3740
33-2021,Fire Inspectors and Investigators,14050,3750
33-2022,Forest Fire Inspectors and Prevention Specialists,2780,3750
33-3011,Bailiffs,16910,3801
33-3012,Correctional Officers and Jailers,365380,3802
33-3021,Detectives and Criminal Investigators,110790,3820
33-3031,Fish and Game Wardens,6420,3830
33-3041,Parking Enforcement Workers,7770,3840
33-3051,Police and Sheriff's Patrol Officers,666990,3870
33-3052,Transit and Railroad Police,3000,3870
33-9011,Animal Control Workers,11790,3900
33-9021,Private Detectives and Investigators,38700,3910
33-9031,Gambling Surveillance Officers and Gambling Investigators,10000,3930
33-9032,Security Guards,1241770,3930
33-9091,Crossing Guards and Flaggers,90180,3940
33-9092,"Lifeguards, Ski Patrol, and Other Recreational Protective Service Workers",143590,3960
33-9093,Transportation Security Screeners,46340,3945
33-9094,School Bus Monitors,72140,3946
33-9099,"Protective Service Workers, All Other",83110,3960
35-1011,Chefs and Head Cooks,182320,4000
35-1012,First-Line Supervisors of Food Preparation and Serving Workers,1187460,4010
35-2011,"Cooks, Fast Food",668230,4020
35-2012,"Cooks, Institution and Cafeteria",448260,4020
35-2013,"Cooks, Private Household",900,4020
35-2014,"Cooks, Restaurant",1452130,4020
35-2015,"Cooks, Short Order",150420,4020
35-2019,"Cooks, All Other",23590,4020
35-2021,Food Preparation Workers,888770,4030
35-3011,Bartenders,745610,4040
35-3023,Fast Food and Counter Workers,3780930,4055
35-3031,Waiters and Waitresses,2302690,4110
35-3041,"Food Servers, Nonrestaurant",271780,4120
35-9011,Dining Room and Cafeteria Attendants and Bartender Helpers,522010,4130
35-9021,Dishwashers,471670,4140
35-9031,"Hosts and Hostesses, Restaurant, Lounge, and Coffee Shop",427150,4150
35-9099,"Food Preparation and Serving Related Workers, All Other",89580,4160
37-1011,First-Line Supervisors of Housekeeping and Janitorial Workers,174660,4200
37-1012,"First-Line Supervisors of Landscaping, Lawn Service, and Groundskeeping Workers",124130,4210
37-2011,"Janitors and Cleaners, Except Maids and Housekeeping Cleaners",2199900,4220
37-2012,Maids and Housekeeping Cleaners,854910,4230
37-2019,"Building Cleaning Workers, All Other",16370,4220
37-2021,Pest Control Workers,96110,4240
37-3011,Landscaping and Groundskeeping Workers,943430,4251
37-3012,"Pesticide Handlers, Sprayers, and Applicators, Vegetation",25200,4255
37-3013,Tree Trimmers and Pruners,47870,4252
37-3019,"Grounds Maintenance Workers, All Other",13580,4255
39-1013,First-Line Supervisors of Gambling Services Workers,25530,
39-1014,"First-Line Supervisors of Entertainment and Recreation Workers, Except Gambling Services",92830,
39-1022,First-Line Supervisors of Personal Service Workers,107060,
39-2011,Animal Trainers,20110,4340
39-2021,Animal Caretakers,277300,4350
39-3011,Gambling Dealers,82980,4435
39-3012,Gambling and Sports Book Writers and Runners,7600,4435
39-3019,"Gambling Service Workers, All Other",14920,4435
39-3021,Motion Picture Projectionists,1950,4435
39-3031,"Ushers, Lobby Attendants, and Ticket Takers",119210,4420
39-3091,Amusement and Recreation Attendants,371590,4435
39-3092,Costume Attendants,6290,4435
39-3093,"Locker Room, Coatroom, and Dressing Room Attendants",14960,4435
39-3099,"Entertainment Attendants and Related Workers, All Other",8060,4435
39-4011,Embalmers,3420,4461
39-4012,Crematory Operators,2950,4461
39-4021,Funeral Attendants,30560,4461
39-4031,"Morticians, Undertakers, and Funeral Arrangers",25700,4465
39-5011,Barbers,18100,4500
39-5012,"Hairdressers, Hairstylists, and Cosmetologists",295460,4510
39-5091,"Makeup Artists, Theatrical and Performance",3320,4525
39-5092,Manicurists and Pedicurists,147820,4521
39-5093,Shampooers,8890,4525
39-5094,Skincare Specialists,70240,4522
39-6011,Baggage Porters and Bellhops,31220,4530
39-6012,Concierges,44200,4530
39-7010,Tour and Travel Guides,49010,4540
39-9011,Childcare Workers,520180,4600
39-9031,Exercise Trainers and Group Fitness Instructors,303620,4621
39-9032,Recreation Workers,309640,4622
39-9041,Residential Advisors,82810,4640
39-9099,"Personal Care and Service Workers, All Other",62390,4655
41-1011,First-Line Supervisors of Retail Sales Workers,1113160,4700
41-1012,First-Line Supervisors of Non-Retail Sales Workers,219010,4710
41-2011,Cashiers,3148030,4720
41-2012,Gambling Change Persons and Booth Cashiers,21930,4720
41-2021,Counter and Rental Clerks,398620,4740
41-2022,Parts Salespersons,265060,4750
41-2031,Retail Salespersons,3800250,4760
41-3011,Advertising Sales Agents,97470,4800
41-3021,Insurance Sales Agents,469480,4810
41-3031,"Securities, Commodities, and Financial Services Sales Agents",472300,4820
41-3041,Travel Agents,59150,4830
41-3091,"Sales Representatives of Services, Except Advertising, Insurance, Financial Services, and Travel",1189330,4840
41-4011,"Sales Representatives, Wholesale and Manufacturing, Technical and Scientific Products",293930,4850
41-4012,"Sales Representatives, Wholesale and Manufacturing, Except Technical and Scientific Products",1266860,4850
41-9011,Demonstrators and Product Promoters,64770,4900
41-9012,Models,5350,4900
41-9021,Real Estate Brokers,49590,4920
41-9022,Real Estate Sales Agents,190600,4920
41-9031,Sales Engineers,56690,4930
41-9041,Telemarketers,66430,4940
41-9091,"Door-to-Door Sales Workers, News and Street Vendors, and Related Workers",4590,4950
41-9099,"Sales and Related Workers, All Other",99070,4965
43-1011,First-Line Supervisors of Office and Administrative Support Workers,1495580,5000
43-2011,"Switchboard Operators, Including Answering Service",35730,5010
43-2021,Telephone Operators,3950,5020
43-2099,"Communications Equipment Operators, All Other",1390,5040
43-3011,Bill and Account Collectors,165020,5100
43-3021,Billing and Posting Clerks,417500,5110
43-3031,"Bookkeeping, Accounting, and Auditing Clerks",1455770,5120
43-3041,Gambling Cage Workers,13490,5130
43-3051,Payroll and Timekeeping Clerks,156950,5140
43-3061,Procurement Clerks,59900,5150
43-3071,Tellers,339340,5160
43-3099,"Financial Clerks, All Other",37030,5165
43-4011,Brokerage Clerks,40090,5200
43-4021,Correspondence Clerks,6260,5210
43-4031,"Court, Municipal, and License Clerks",170010,5220
43-4041,"Credit Authorizers, Checkers, and Clerks",11960,5230
43-4051,Customer Service Representatives,2725930,5240
43-4061,"Eligibility Interviewers, Government Programs",156260,5250
43-4071,File Clerks,78980,5260
43-4081,"Hotel, Motel, and Resort Desk Clerks",261430,5300
43-4111,"Interviewers, Except Eligibility and Loan",157310,5310
43-4121,"Library Assistants, Clerical",80070,5320
43-4131,Loan Interviewers and Clerks,173100,5330
43-4141,New Accounts Clerks,38030,5340
43-4151,Order Clerks,83420,5350
43-4161,"Human Resources Assistants, Except Payroll and Timekeeping",92580,5360
43-4171,Receptionists and Information Clerks,964530,5400
43-4181,Reservation and Transportation Ticket Agents and Travel Clerks,127440,5410
43-4199,"Information and Record Clerks, All Other",143910,5420
43-5011,Cargo and Freight Agents,97800,5500
43-5021,Couriers and Messengers,71920,5510
43-5031,Public Safety Telecommunicators,101140,5521
43-5032,"Dispatchers, Except Police, Fire, and Ambulance",211000,5522
43-5041,"Meter Readers, Utilities",19620,5530
43-5051,Postal Service Clerks,78060,5540
43-5052,Postal Service Mail Carriers,336040,5550
43-5053,"Postal Service Mail Sorters, Processors, and Processing Machine Operators",111930,5560
43-5061,"Production, Planning, and Expediting Clerks",385000,5600
43-5071,"Shipping, Receiving, and Inventory Clerks",857630,5610
43-5111,"Weighers, Measurers, Checkers, and Samplers, Recordkeeping",49720,5630
43-6011,Executive Secretaries and Executive Administrative Assistants,472770,5710
43-6012,Legal Secretaries and Administrative Assistants,154540,5720
43-6013,Medical Secretaries and Administrative Assistants,830760,5730
43-6014,"Secretaries and Administrative Assistants, Except Legal, Medical, and Executive",1737820,5740
43-9021,Data Entry Keyers,135280,5810
43-9022,Word Processors and Typists,36030,5820
43-9031,Desktop Publishers,4000,5830
43-9041,Insurance Claims and Policy Processing Clerks,229070,5840
43-9051,"Mail Clerks and Mail Machine Operators, Except Postal Service",62730,5850
43-9061,"Office Clerks, General",2510550,5860
43-9071,"Office Machine Operators, Except Computer",24740,5900
43-9081,Proofreaders and Copy Markers,5160,5910
43-9111,Statistical Assistants,5900,5920
43-9199,"Office and Administrative Support Workers, All Other",195890,5940
45-1011,"First-Line Supervisors of Farming, Fishing, and Forestry Workers",29530,6005
45-2011,Agricultural Inspectors,12090,6010
45-2021,Animal Breeders,1730,6020
45-2041,"Graders and Sorters, Agricultural Products",26870,6040
45-2091,Agricultural Equipment Operators,30940,6050
45-2092,"Farmworkers and Laborers, Crop, Nursery, and Greenhouse",261690,6050
45-2093,"Farmworkers, Farm, Ranch, and Aquacultural Animals",35420,6050
45-2099,"Agricultural Workers, All Other",4980,6050
45-4011,Forest and Conservation Workers,5630,6120
45-4021,Fallers,4110,6130
45-4022,Logging Equipment Operators,22520,6130
45-4023,Log Graders and Scalers,3310,6130
45-4029,"Logging Workers, All Other",2160,6130
47-1011,First-Line Supervisors of Construction Trades and Extraction Workers,806080,6200
47-2011,Boilermakers,10170,6210
47-2021,Brickmasons and Blockmasons,53520,6220
47-2022,Stonemasons,8750,6220
47-2031,Carpenters,697740,6230
47-2041,Carpet Installers,14980,6240
47-2042,"Floor Layers, Except Carpet, Wood, and Hard Tiles",24850,6240
47-2043,Floor Sanders and Finishers,4140,6240
47-2044,Tile and Stone Setters,38740,6240
47-2051,Cement Masons and Concrete Finishers,205230,6250
47-2053,Terrazzo Workers and Finishers,1450,6250
47-2061,Construction Laborers,1057660,6260
47-2071,"Paving, Surfacing, and Tamping Equipment Operators",45680,6305
47-2072,Pile Driver Operators,3040,6305
47-2073,Operating Engineers and Other Construction Equipment Operators,469270,6305
47-2081,Drywall and Ceiling Tile Installers,82900,6330
47-2082,Tapers,12500,6330
47-2111,Electricians,742580,6355
47-2121,Glaziers,57000,6360
47-2131,"Insulation Workers, Floor, Ceiling, and Wall",38610,6400
47-2132,"Insulation Workers, Mechanical",25640,6400
47-2141,"Painters, Construction and Maintenance",224180,6410
47-2142,Paperhangers,1520,6410
47-2151,Pipelayers,33580,6441
47-2152,"Plumbers, Pipefitters, and Steamfitters",455940,6442
47-2161,Plasterers and Stucco Masons,20880,6460
47-2171,Reinforcing Iron and Rebar Workers,14140,6500
47-2181,Roofers,136740,6515
47-2211,Sheet Metal Workers,117470,6520
47-2221,Structural Iron and Steel Workers,64720,6530
47-2231,Solar Photovoltaic Installers,28280,6540
47-3011,"Helpers--Brickmasons, Blockmasons, Stonemasons, and Tile and Marble Setters",15660,6600
47-3012,Helpers--Carpenters,24610,6600
47-3013,Helpers--Electricians,64440,6600
47-3014,"Helpers--Painters, Paperhangers, Plasterers, and Stucco Masons",7220,6600
47-3015,"Helpers--Pipelayers, Plumbers, Pipefitters, and Steamfitters",43640,6600
47-3016,Helpers--Roofers,5170,6600
47-3019,"Helpers, Construction Trades, All Other",25510,6600
47-4011,Construction and Building Inspectors,137210,6660
47-4021,Elevator and Escalator Installers and Repairers,23340,6700
47-4031,Fence Erectors,22640,6710
47-4041,Hazardous Materials Removal Workers,50570,6720
47-4051,Highway Maintenance Workers,151750,6730
47-4061,Rail-Track Laying and Maintenance Equipment Operators,16480,6740
47-4071,Septic Tank Servicers and Sewer Pipe Cleaners,29050,6750
47-4090,Miscellaneous Construction and Related Workers,33530,6765
47-5011,"Derrick Operators, Oil and Gas",11040,6950
47-5012,"Rotary Drill Operators, Oil and Gas",13090,6950
47-5013,"Service Unit Operators, Oil and Gas",44120,6950
47-5022,"Excavating and Loading Machine and Dragline Operators, Surface Mining",34210,6821
47-5023,"Earth Drillers, Except Oil and Gas",17410,6825
47-5032,"Explosives Workers, Ordnance Handling Experts, and Blasters",5680,6835
47-5041,Continuous Mining Machine Operators,14340,6950
47-5043,"Roof Bolters, Mining",2230,6950
47-5044,"Loading and Moving Machine Operators, Underground Mining",6130,6950
47-5049,"Underground Mining Machine Operators, All Other",3480,6950
47-5051,"Rock Splitters, Quarry",3080,6950
47-5071,"Roustabouts, Oil and Gas",45330,6920
47-5081,Helpers--Extraction Workers,6720,6950
47-5099,"Extraction Workers, All Other",6070,6950
49-1011,"First-Line Supervisors of Mechanics, Installers, and Repairers",600680,7000
49-2011,"Computer, Automated Teller, and Office Machine Repairers",73010,7010
49-2021,"Radio, Cellular, and Tower Equipment Installers and Repairers",11400,7020
49-2022,"Telecommunications Equipment Installers and Repairers, Except Line Installers",153890,7020
49-2091,Avionics Technicians,20900,7030
49-2092,"Electric Motor, Power Tool, and Related Repairers",16570,7040
49-2093,"Electrical and Electronics Installers and Repairers, Transportation Equipment",7310,7050
49-2094,"Electrical and Electronics Repairers, Commercial and Industrial Equipment",59990,7100
49-2095,"Electrical and Electronics Repairers, Powerhouse, Substation, and Relay",23040,7100
49-2096,"Electronic Equipment Installers and Repairers, Motor Vehicles",10140,7110
49-2097,Audiovisual Equipment Installers and Repairers,22170,7120
49-2098,Security and Fire Alarm Systems Installers,81510,7130
49-3011,Aircraft Mechanics and Service Technicians,136390,7140
49-3021,Automotive Body and Related Repairers,155220,7150
49-3022,Automotive Glass Installers and Repairers,18940,7160
49-3023,Automotive Service Technicians and Mechanics,688840,7200
49-3031,Bus and Truck Mechanics and Diesel Engine Specialists,287230,7210
49-3041,Farm Equipment Mechanics and Service Technicians,36880,7220
49-3042,"Mobile Heavy Equipment Mechanics, Except Engines",180270,7220
49-3043,Rail Car Repairers,18300,7220
49-3051,Motorboat Mechanics and Service Technicians,24250,7240
49-3052,Motorcycle Mechanics,14010,7240
49-3053,Outdoor Power Equipment and Other Small Engine Mechanics,34240,7240
49-3091,Bicycle Repairers,12590,7260
49-3092,Recreational Vehicle Service Technicians,18710,7260
49-3093,Tire Repairers and Changers,106620,7260
49-9011,Mechanical Door Repairers,27970,7300
49-9012,"Control and Valve Installers and Repairers, Except Mechanical Door",46920,7300
49-9021,"Heating, Air Conditioning, and Refrigeration Mechanics and Installers",396870,7315
49-9031,Home Appliance Repairers,31940,7320
49-9041,Industrial Machinery Mechanics,421940,7330
49-9043,"Maintenance Workers, Machinery",56540,7350
49-9044,Millwrights,40660,7360
49-9045,"Refractory Materials Repairers, Except Brickmasons",1100,7330
49-9051,Electrical Power-Line Installers and Repairers,123680,7410
49-9052,Telecommunications Line Installers and Repairers,98360,7420
49-9061,Camera and Photographic Equipment Repairers,2010,7430
49-9062,Medical Equipment Repairers,60830,7430
49-9063,Musical Instrument Repairers and Tuners,5730,7430
49-9064,Watch and Clock Repairers,1300,7430
49-9069,"Precision Instrument and Equipment Repairers, All Other",9680,7430
49-9071,"Maintenance and Repair Workers, General",1531700,7340
49-9081,Wind Turbine Service Technicians,11220,7440
49-9091,"Coin, Vending, and Amusement Machine Servicers and Repairers",28260,7510
49-9092,Commercial Divers,3430,7520
49-9094,Locksmiths and Safe Repairers,15550,7540
49-9095,Manufactured Building and Mobile Home Installers,2610,7550
49-9096,Riggers,24190,7560
49-9097,Signal and Track Switch Repairers,8210,7640
49-9098,"Helpers--Installation, Maintenance, and Repair Workers",97540,7610
49-9099,"Installation, Maintenance, and Repair Workers, All Other",183690,7640
51-1011,First-Line Supervisors of Production and Operating Workers,685140,7700
51-2011,"Aircraft Structure, Surfaces, Rigging, and Systems Assemblers",32890,7710
51-2021,"Coil Winders, Tapers, and Finishers",12170,7750
51-2028,"Electrical, Electronic, and Electromechanical Assemblers, Except Coil Winders, Tapers, and Finishers",261140,7750
51-2031,Engine and Other Machine Assemblers,38420,7730
51-2041,Structural Metal Fabricators and Fitters,53380,7740
51-2051,Fiberglass Laminators and Fabricators,18520,7750
51-2061,Timing Device Assemblers and Adjusters,230,7750
51-2090,Miscellaneous Assemblers and Fabricators,1457800,7750
51-3011,Bakers,231890,7800
51-3021,Butchers and Meat Cutters,140040,7810
51-3022,"Meat, Poultry, and Fish Cutters and Trimmers",141090,7810
51-3023,Slaughterers and Meat Packers,67500,7810
51-3091,"Food and Tobacco Roasting, Baking, and Drying Machine Operators and Tenders",19500,7830
51-3092,Food Batchmakers,171660,7840
51-3093,Food Cooking Machine Operators and Tenders,27660,7850
51-3099,"Food Processing Workers, All Other",57920,7855
51-4021,"Extruding and Drawing Machine Setters, Operators, and Tenders, Metal and Plastic",65700,8225
51-4022,"Forging Machine Setters, Operators, and Tenders, Metal and Plastic",8760,8225
51-4023,"Rolling Machine Setters, Operators, and Tenders, Metal and Plastic",22350,8225
51-4031,"Cutting, Punching, and Press Machine Setters, Operators, and Tenders, Metal and Plastic",174430,7950
51-4032,"Drilling and Boring Machine Tool Setters, Operators, and Tenders, Metal and Plastic",5310,8025
51-4033,"Grinding, Lapping, Polishing, and Buffing Machine Tool Setters, Operators, and Tenders, Metal and Plastic",70110,8000
51-4034,"Lathe and Turning Machine Tool Setters, Operators, and Tenders, Metal and Plastic",18970,8025
51-4035,"Milling and Planing Machine Setters, Operators, and Tenders, Metal and Plastic",13810,8025
51-4041,Machinists,298790,8030
51-4051,Metal-Refining Furnace Operators and Tenders,20330,8225
51-4052,"Pourers and Casters, Metal",5830,8225
51-4061,"Model Makers, Metal and Plastic",3230,8225
51-4062,"Patternmakers, Metal and Plastic",1570,8225
51-4071,Foundry Mold and Coremakers,12720,8225
51-4072,"Molding, Coremaking, and Casting Machine Setters, Operators, and Tenders, Metal and Plastic",154820,8225
51-4081,"Multiple Machine Tool Setters, Operators, and Tenders, Metal and Plastic",129850,8225
51-4111,Tool and Die Makers,55130,8130
51-4121,"Welders, Cutters, Solderers, and Brazers",424040,8225
51-4122,"Welding, Soldering, and Brazing Machine Setters, Operators, and Tenders",36290,8225
51-4191,"Heat Treating Equipment Setters, Operators, and Tenders, Metal and Plastic",14590,8225
51-4192,"Layout Workers, Metal and Plastic",5610,8225
51-4193,"Plating Machine Setters, Operators, and Tenders, Metal and Plastic",31510,8225
51-4194,"Tool Grinders, Filers, and Sharpeners",5730,8225
51-4199,"Metal Workers and Plastic Workers, All Other",20270,8225
51-5111,Prepress Technicians and Workers,23070,8250
51-5112,Printing Press Operators,145110,8255
51-5113,Print Binding and Finishing Workers,36470,8256
51-6011,Laundry and Dry-Cleaning Workers,195360,8300
51-6021,"Pressers, Textile, Garment, and Related Materials",26830,8310
51-6031,Sewing Machine Operators,109590,8320
51-6041,Shoe and Leather Workers and Repairers,7640,8335
51-6042,Shoe Machine Operators and Tenders,3270,8335
51-6051,"Sewers, Hand",2240,8350
51-6052,"Tailors, Dressmakers, and Custom Sewers",16290,8350
51-6061,Textile Bleaching and Dyeing Machine Operators and Tenders,5820,8365
51-6062,"Textile Cutting Machine Setters, Operators, and Tenders",8960,8365
51-6063,"Textile Knitting and Weaving Machine Setters, Operators, and Tenders",14530,8365
51-6064,"Textile Winding, Twisting, and Drawing Out Machine Setters, Operators, and Tenders",20600,8365
51-6091,"Extruding and Forming Machine Setters, Operators, and Tenders, Synthetic and Glass Fibers",14900,8465
51-6092,Fabric and Apparel Patternmakers,2860,8465
51-6093,Upholsterers,20990,8450
51-6099,"Textile, Apparel, and Furnishings Workers, All Other",14450,8465
51-7011,Cabinetmakers and Bench Carpenters,79540,8500
51-7021,Furniture Finishers,14230,8510
51-7031,"Model Makers, Wood",360,8555
51-7032,"Patternmakers, Wood",180,8555
51-7041,"Sawing Machine Setters, Operators, and Tenders, Wood",43140,8530
51-7042,"Woodworking Machine Setters, Operators, and Tenders, Except Sawing",63350,8540
51-7099,"Woodworkers, All Other",6590,8555
51-8011,Nuclear Power Reactor Operators,5720,8600
51-8012,Power Distributors and Dispatchers,9180,8600
51-8013,Power Plant Operators,30720,8600
51-8021,Stationary Engineers and Boiler Operators,30780,8610
51-8031,Water and Wastewater Treatment Plant and System Operators,126750,8620
51-8091,Chemical Plant and System Operators,17840,8630
51-8092,Gas Plant Operators,15910,8630
51-8093,"Petroleum Pump System Operators, Refinery Operators, and Gaugers",34860,8630
51-8099,"Plant and System Operators, All Other",15950,8630
51-9011,Chemical Equipment Operators and Tenders,127410,8640
51-9012,"Separating, Filtering, Clarifying, Precipitating, and Still Machine Setters, Operators, and Tenders",54200,8640
51-9021,"Crushing, Grinding, and Polishing Machine Setters, Operators, and Tenders",28550,8650
51-9022,"Grinding and Polishing Workers, Hand",11850,8650
51-9023,"Mixing and Blending Machine Setters, Operators, and Tenders",100840,8650
51-9031,"Cutters and Trimmers, Hand",7070,8710
51-9032,"Cutting and Slicing Machine Setters, Operators, and Tenders",47540,8710
51-9041,"Extruding, Forming, Pressing, and Compacting Machine Setters, Operators, and Tenders",57310,8720
51-9051,"Furnace, Kiln, Oven, Drier, and Kettle Operators and Tenders",16160,8730
51-9061,"Inspectors, Testers, Sorters, Samplers, and Weighers",591180,8740
51-9071,Jewelers and Precious Stone and Metal Workers,23420,8750
51-9081,Dental Laboratory Technicians,33920,8760
51-9082,Medical Appliance Technicians,11490,8760
51-9083,Ophthalmic Laboratory Technicians,18740,8760
51-9111,Packaging and Filling Machine Operators and Tenders,383860,8800
51-9123,"Painting, Coating, and Decorating Workers",8470,8990
51-9124,"Coating, Painting, and Spraying Machine Setters, Operators, and Tenders",159500,8990
51-9141,Semiconductor Processing Technicians,32150,8990
51-9151,Photographic Process Workers and Processing Machine Operators,5550,8830
51-9161,Computer Numerically Controlled Tool Operators,176950,8990
51-9162,Computer Numerically Controlled Tool Programmers,28230,8990
51-9191,Adhesive Bonding Machine Operators and Tenders,12170,8850
51-9192,"Cleaning, Washing, and Metal Pickling Equipment Operators and Tenders",13890,8865
51-9193,Cooling and Freezing Equipment Operators and Tenders,6590,8865
51-9194,Etchers and Engravers,8390,8910
51-9195,"Molders, Shapers, and Casters, Except Metal and Plastic",34750,8920
51-9196,"Paper Goods Machine Setters, Operators, and Tenders",96950,8930
51-9197,Tire Builders,20970,8940
51-9198,Helpers--Production Workers,167490,8950
51-9199,"Production Workers, All Other",277060,8865
53-1041,Aircraft Cargo Handling Supervisors,10160,
53-1047,"First-Line Supervisors of Transportation and Material Moving Workers, Except Aircraft Cargo Handling Supervisors",605510,
53-2011,"Airline Pilots, Copilots, and Flight Engineers",99300,9030
53-2012,Commercial Pilots,51830,9030
53-2021,Air Traffic Controllers,22400,9040
53-2022,Airfield Operations Specialists,16640,9040
53-2031,Flight Attendants,130110,9050
53-3011,"Ambulance Drivers and Attendants, Except Emergency Medical Technicians",12080,9110
53-3031,Driver/Sales Workers,417420,9130
53-3032,Heavy and Tractor-Trailer Truck Drivers,2070480,9130
53-3033,Light Truck Drivers,994410,9130
53-3051,"Bus Drivers, School",387920,9121
53-3052,"Bus Drivers, Transit and Intercity",148980,9122
53-3053,Shuttle Drivers and Chauffeurs,229630,9141
53-3054,Taxi Drivers,17510,9142
53-3099,"Motor Vehicle Operators, All Other",50330,9150
53-4011,Locomotive Engineers,31990,9265
53-4013,"Rail Yard Engineers, Dinkey Operators, and Hostlers",3300,9265
53-4022,"Railroad Brake, Signal, and Switch Operators and Locomotive Firers",12460,9265
53-4031,Railroad Conductors and Yardmasters,42710,9240
53-4041,Subway and Streetcar Operators,9200,9265
53-4099,"Rail Transportation Workers, All Other",1520,9265
53-5011,Sailors and Marine Oilers,31360,9300
53-5021,"Captains, Mates, and Pilots of Water Vessels",35390,9310
53-5022,Motorboat Operators,2380,9310
53-5031,Ship Engineers,8580,9330
53-6011,Bridge and Lock Tenders,2720,9430
53-6021,Parking Attendants,134650,9350
53-6031,Automotive and Watercraft Service Attendants,98270,9430
53-6032,Aircraft Service Attendants,27310,9430
53-6041,Traffic Technicians,7580,9430
53-6051,Transportation Inspectors,23320,9410
53-6061,Passenger Attendants,25340,9415
53-6099,"Transportation Workers, All Other",10960,9430
53-7011,Conveyor Operators and Tenders,26060,9570
53-7021,Crane and Tower Operators,42000,9510
53-7031,Dredge Operators,1030,9570
53-7041,Hoist and Winch Operators,2480,9570
53-7051,Industrial Truck and Tractor Operators,805770,9600
53-7061,Cleaners of Vehicles and Equipment,373960,9610
53-7062,"Laborers and Freight, Stock, and Material Movers, Hand",2982530,9620
53-7063,Machine Feeders and Offbearers,46690,9630
53-7064,"Packers and Packagers, Hand",601440,9640
53-7065,Stockers and Order Fillers,2779530,9645
53-7071,Gas Compressor and Gas Pumping Station Operators,5110,9570
53-7072,"Pump Operators, Except Wellhead Pumpers",12600,9570
53-7073,Wellhead Pumpers,17350,9570
53-7081,Refuse and Recyclable Material Collectors,139180,9720
53-7121,"Tank Car, Truck, and Ship Loaders",10920,9760
53-7199,"Material Moving Workers, All Other",25190,9760
